date,mean_temp,max_temp,min_temp,humidity,mean_rain_fall,mean_wind,cases
2016-12-16,28.69,34.3,24.7,75.55,0,4.16,9
2016-12-17,27.34,31.9,23.4,83.67,8,4.51,11
2016-12-18,26.86,32.6,22.7,81.61,12,4.66,7
2016-12-19,28.08,33.4,24.2,77.74,2,5.63,15
2016-12-20,28.25,34.1,24.4,73.51,0,6.48,11
2016-12-21,28.66,34.9,24.4,71.77,0,5.53,12
2016-12-22,26.94,33.4,22.7,83.33,16,4.08,11
2016-12-23,27.2,32.5,22.8,83.13,18,3.97,11
2016-12-24,26.79,33.6,23.2,84.95,24,4.72,5
2016-12-25,26.97,33.8,23,82.93,10,5.03,6
2016-12-26,26.91,31.9,23.7,80.91,0,5.31,4
2016-12-27,26.44,30.9,23.9,82.6,4,5.23,16
2016-12-28,25.77,28.7,23.1,84.09,2,5.27,10
2016-12-29,27.67,32.5,23.9,74.54,0,4.71,7
2016-12-30,27.13,35,23.9,78.16,4,5.36,14
2016-12-31,26.92,31.1,23.9,81.75,0,4.14,7
2017-01-01,27.17,32.4,23.8,84.79,10,4.82,5
2017-01-02,26.54,31.4,24,88.48,8,3.69,12
2017-01-03,26.77,31.4,24.1,85.7,2,4.06,5
2017-01-04,27.11,31.8,23.3,79.48,2,4.75,12
2017-01-05,28.01,33.7,23,72.92,2,4.29,4
2017-01-06,28.68,34.5,24.9,75.67,0,3.97,8
2017-01-07,29.48,35.2,25.1,71.86,0,4.04,12
2017-01-08,29.5,35.6,25,72.67,0,4.18,8
2017-01-09,28.97,35.5,25.4,77.31,0,5.08,1
2017-01-10,28.46,34.3,24.5,78.98,6,5,5
2017-01-11,27.66,33.9,21.5,80.42,8,4.68,7
2017-01-12,28.25,33.4,24.1,73.91,0,4.23,7
2017-01-13,28.07,34,24.1,77.94,0,4.28,13
2017-01-14,28.1,32.4,23.9,76.8,0,4.11,12
2017-01-15,28.16,33.7,24.3,77.06,0,4.42,8
2017-01-16,28.01,33,23.6,75.17,0,4.78,13
2017-01-17,28.05,34.2,24,75.73,0,3.93,8
2017-01-18,26.96,34,22.1,79.57,14,4.41,15
2017-01-19,26.88,34.3,22.5,81.79,20,3.91,14
2017-01-20,26.48,31.4,23.1,84.29,2,4.45,10
2017-01-21,26.82,32,22.7,84.35,16,4.58,11
2017-01-22,26.75,31.4,23.6,83.4,10,5.71,7
2017-01-23,25.23,28.4,23.2,92.45,48,4.11,14
2017-01-24,24.23,25.9,22.9,93.67,10,4.52,16
2017-01-25,26.01,30.4,22.4,82.18,4,4.64,10
2017-01-26,27.29,32.3,23.4,80.19,2,4.99,8
2017-01-27,27.53,32,24.3,79.08,0,6.81,7
2017-01-28,26.4,30.3,23.5,80.94,2,5.57,7
2017-01-29,26.66,29.4,23.5,80.73,0,4.91,3
2017-01-30,26.3,30.3,23.4,85.01,4,4.8,11
2017-01-31,27.21,31.6,24.5,77.97,0,5.5,10
2017-02-01,27.36,32.3,23.5,75.71,0,4.87,7
2017-02-02,27.36,32.5,24,78.05,2,3.99,14
2017-02-03,27.65,34.7,23.4,78.48,10,4.88,7
2017-02-04,27.16,33.4,23.7,82.64,8,4.28,6
2017-02-05,27.58,33.9,23.3,79.73,2,4.77,6
2017-02-06,27.97,34.8,24.2,77.88,0,5.03,12
2017-02-07,26.63,31.5,23.2,83.77,8,4.55,6
2017-02-08,26.75,32.9,23.4,81.7,20,4.15,5
2017-02-09,27.73,32.6,23.2,71.35,0,4.49,7
2017-02-10,27.92,33.9,23.6,72.28,0,6.41,6
2017-02-11,27.57,32.6,24.3,73.77,0,7.74,9
2017-02-12,26.47,30.8,23.5,81.61,2,7.22,5
2017-02-13,26.68,30.7,23.5,81.81,2,7.3,9
2017-02-14,26.83,31.3,23.3,79.83,2,8.19,8
2017-02-15,25.82,30.7,22.5,82.34,6,6.67,15
2017-02-16,26.86,30.8,23.6,76.92,0,6.75,5
2017-02-17,27.42,32.7,23.6,75.39,0,6.29,8
2017-02-18,27.2,32.6,24.4,80.71,0,6.48,6
2017-02-19,27.84,32.9,24.7,78.1,0,6.44,4
2017-02-20,27.77,33,24,78.33,0,5.73,8
2017-02-21,27.37,33.1,23,81.07,6,4.62,9
2017-02-22,27.75,33.4,24.2,79.42,0,4.47,7
2017-02-23,27.15,33.2,23.1,81.12,8,3.8,8
2017-02-24,25.21,29.8,23.3,91.2,14,4.11,7
2017-02-25,26.84,34,23.1,82.16,4,3.95,4
2017-02-26,27.49,33.2,24.5,81.31,2,4.84,1
2017-02-27,27.55,32.1,23.9,79.15,0,5.68,7
2017-02-28,26.99,31.6,24.1,84.4,8,5.92,6
2017-03-01,25.29,28.8,22.9,88.85,20,4.63,13
2017-03-02,27.05,32.1,23.7,81.02,0,6.04,7
2017-03-03,26.39,30.4,22.7,86.23,12,5.61,8
2017-03-04,25.72,29,23.4,90.46,4,3.68,7
2017-03-05,27.1,32.4,23.7,81.83,4,4.85,7
2017-03-06,27.05,33.9,23.7,81.74,8,4.57,6
2017-03-07,27.26,33.6,23.4,79.18,2,4.17,13
2017-03-08,27.55,33.2,24.1,77.16,0,5.79,15
2017-03-09,27.48,33.1,23.7,74.83,0,6.27,8
2017-03-10,27.45,32.8,23.6,76.28,0,5.59,5
2017-03-11,27.65,33.4,23.6,78.18,6,4.94,12
2017-03-12,26.88,31.8,23.1,81.17,8,3.48,2
2017-03-13,28.12,35.4,24.2,79.79,2,4.09,5
2017-03-14,27.07,30.9,23.7,82.75,2,4.64,12
2017-03-15,28.85,36.1,24.1,71.97,0,3.85,6
2017-03-16,28.44,35.1,23.4,77,2,5.09,4
2017-03-17,27.33,33.8,24.1,81.29,6,3.58,5
2017-03-18,28.13,34.6,23.6,77.52,4,3.96,0
2017-03-19,28.29,34.5,23.9,76.84,2,3.75,3
2017-03-20,26.95,30.3,23.7,82.42,6,4.02,7
2017-03-21,28.24,35.2,23.8,74.92,2,4.47,6
2017-03-22,27.87,34.1,23.2,79.45,6,4.51,5
2017-03-23,28.85,35.5,24.4,75.46,0,4.74,5
2017-03-24,28.47,33.4,24.8,76.09,0,4.5,4
2017-03-25,27.95,34.4,23.5,79.32,12,3.99,2
2017-03-26,28.94,35.3,24.8,76.84,0,4.49,6
2017-03-27,28.86,33.6,24.4,77.25,0,4.29,5
2017-03-28,27.03,30,23.7,85.86,2,3.67,7
2017-03-29,27.21,33.7,22.1,83.04,6,3.22,3
2017-03-30,25.99,31.2,23.3,87.27,8,3.55,9
2017-03-31,27.41,33.4,23.9,82.8,4,3.04,10
2017-04-01,27.02,32.5,23.7,85.36,4,3.35,12
2017-04-02,27.61,33.3,23.8,81.22,0,4.54,6
2017-04-03,27.56,31.9,23.3,82.49,6,3.93,7
2017-04-04,28.41,34.4,23.3,77.56,4,4.89,4
2017-04-05,28.86,33.9,23,73.64,0,5.66,8
2017-04-06,29.04,34.6,25,74.96,2,4.17,6
2017-04-07,28.07,34.9,22.3,77.87,12,4.53,11
2017-04-08,27.16,30.3,23.8,83.89,2,3.23,9
2017-04-09,28.01,34.7,24.5,81.25,2,3.2,10
2017-04-10,27.67,32.8,24,84.79,2,3.45,15
2017-04-11,28.9,34.1,25.1,78.25,2,4.05,5
2017-04-12,28.22,32.9,23.1,82.28,10,3.51,5
2017-04-13,27.17,31,23.3,86.52,8,3.55,4
2017-04-14,27.47,33.1,23.8,84.96,10,3.39,2
2017-04-15,27.95,33.7,23.8,80.57,6,3.9,5
2017-04-16,28.35,34.5,24.3,79.42,2,3.2,1
2017-04-17,28.77,34.8,22.7,79.09,8,3.72,9
2017-04-18,27.13,35.2,22.3,85.61,22,3.21,10
2017-04-19,27.98,35.4,23.3,78.33,0,3,8
2017-04-20,27.97,33.6,24.1,82.66,6,3.19,8
2017-04-21,27.78,33,22.9,82.19,18,4.34,7
2017-04-22,28.39,31.8,24.7,80.45,4,4.06,8
2017-04-23,28.46,32.8,25.1,82.89,2,3.41,5
2017-04-24,27.68,33.2,23.7,86.13,8,3.37,2
2017-04-25,27.16,34.1,23.4,88.28,6,3.8,7
2017-04-26,27.42,31.8,24.3,84.97,0,5.3,8
2017-04-27,27.89,34.6,23.4,83.01,18,6.89,5
2017-04-28,27.68,32.9,22.8,80.68,10,5.94,3
2017-04-29,28.02,31.3,24.4,83,0,4.4,8
2017-04-30,28.83,34.9,24.9,79.19,2,5.4,3
2017-05-01,29.07,33.7,25.3,78.4,0,4.74,6
2017-05-02,28.08,31.6,24.6,82.98,6,4.58,8
2017-05-03,29.08,33.4,25.3,78.61,0,5.09,1
2017-05-04,28.74,32.8,23.5,81.23,6,4.86,5
2017-05-05,28.51,32.6,24.1,81.34,2,5.1,9
2017-05-06,28.4,33.6,23.5,80.01,4,5.11,14
2017-05-07,28.08,32.8,23.7,81.57,4,5.21,7
2017-05-08,28.58,33.4,24.8,78.65,0,6.13,8
2017-05-09,29.39,33.8,24.9,78.46,2,6.45,9
2017-05-10,27.37,30.7,23.9,88.48,6,4.49,6
2017-05-11,28.19,32.6,24.3,80.1,0,6.39,1
2017-05-12,28.38,32,24.7,82.38,10,5.75,6
2017-05-13,28.71,33.2,24.6,82.23,2,4.89,5
2017-05-14,29.27,33.2,24.6,80.31,0,6.01,4
2017-05-15,28.31,32.7,24.8,86.37,8,5.91,6
2017-05-16,28.92,33.4,25.2,80.84,2,6.62,6
2017-05-17,30.01,34.8,26,77.67,0,7.38,14
2017-05-18,29.55,34,25.1,80.14,2,7.44,3
2017-05-19,29.38,33.1,25.8,78.93,0,6.39,14
2017-05-20,29.74,34.1,26.6,77.99,0,5.98,4
2017-05-21,28.36,33.5,24.1,84.7,10,5.98,4
2017-05-22,28.34,32.9,22.2,84.14,18,6.49,12
2017-05-23,29.71,34,26.8,77.53,0,6.93,6
2017-05-24,26.74,30.3,23.2,90.76,26,5.61,4
2017-05-25,28.29,33.3,24.9,84.98,0,5.31,15
2017-05-26,27.41,33.2,23.4,89.32,14,6.24,5
2017-05-27,28.26,34,24.7,87.08,0,4.37,5
2017-05-28,29.02,32.8,25.9,82.63,0,6.06,6
2017-05-29,29.35,33.8,25.3,81.05,0,6.57,11
2017-05-30,26.84,30.7,22.9,87.61,18,5.49,7
2017-05-31,28.65,35.9,23,76.26,30,6.81,16
2017-06-01,28.08,33,23.9,78.27,4,5.95,14
2017-06-02,29.31,33.7,25.7,75.98,0,6.05,12
2017-06-03,29.94,34.6,26.2,74.77,0,6.67,8
2017-06-04,30.22,34.5,26.8,76.83,0,7.16,5
2017-06-05,30.16,34.2,26.5,77.77,0,6.38,5
2017-06-06,29.87,34.1,26.3,77.28,0,6.24,5
2017-06-07,29.89,35.4,25.7,76.06,0,6.24,10
2017-06-08,29.68,34.9,25.4,78.41,2,6.64,5
2017-06-09,30.03,34.4,26.1,75.86,0,6.84,3
2017-06-10,28.97,34.5,23.4,79.91,8,6.58,8
2017-06-11,28.28,32.9,24.4,80.04,0,6.38,17
2017-06-12,29.54,34,26.4,73.67,0,5.83,5
2017-06-13,29.52,34.7,25.1,77.98,0,6.39,10
2017-06-14,27.93,32.8,23.2,78.06,16,6.05,8
2017-06-15,29.21,35.7,25.6,75.44,0,4.96,15
2017-06-16,28.66,34.3,24.7,79.62,4,5.13,8
2017-06-17,29.31,35.2,25.4,76.04,0,5.52,12
2017-06-18,27.27,31.5,23,86.22,22,6.99,3
2017-06-19,28.16,32.2,24.1,78.87,0,7.04,17
2017-06-20,29.21,33.7,24.6,73.98,0,4.91,11
2017-06-21,28.69,32.4,23,80.88,4,5.29,10
2017-06-22,29.04,32.3,25.5,80.03,0,4.96,16
2017-06-23,27.03,30.5,22.2,83.18,6,7.02,10
2017-06-24,28.57,32.8,24.3,73.14,0,5.21,7
2017-06-25,27.57,30.9,23.5,83.63,10,4.49,6
2017-06-26,28.08,33.8,23.7,79.43,2,5.14,10
2017-06-27,26.58,29.2,24.1,84.9,2,4.03,18
2017-06-28,27.55,33.5,22.9,83.48,10,4.38,10
2017-06-29,27.4,31.4,23.2,83.9,4,5.11,11
2017-06-30,28.7,33.8,24.2,76.16,0,6.37,10
2017-07-01,29.46,34,25.5,74.04,0,6.39,13
2017-07-02,28.82,34.2,24.7,79.78,0,5.38,15
2017-07-03,27.24,30.7,23.7,83.36,2,6.96,5
2017-07-04,28.48,32.9,23.7,76.72,0,5.86,7
2017-07-05,27.45,33.1,23,84.73,20,5.19,8
2017-07-06,28.06,32.2,24.4,80.05,0,6.65,14
2017-07-07,28.83,32.5,24.2,73.2,0,6.84,8
2017-07-08,28.23,33.1,23.9,78.92,4,6.26,15
2017-07-09,27.83,31.3,24.4,82.81,0,6.64,4
2017-07-10,29.13,33.9,24.4,73.53,4.38,5.34,7
2017-07-11,27.9,31,23.7,79.94,8,6.64,10
2017-07-12,26.39,29.1,22.3,87.31,4.38,6.69,10
2017-07-13,27.56,32.2,23.5,82.96,4.38,5.91,12
2017-07-14,26.35,29.4,22.7,89.3,28,4.53,6
2017-07-15,27.39,32.2,22.4,82.71,4,6.55,4
2017-07-16,28.56,32.4,25.9,76.69,0,10.47,4
2017-07-17,28.93,33.1,24.7,71.81,0,8.46,12
2017-07-18,28.71,32.5,24.6,76.98,0,7.77,5
2017-07-19,28.57,32.7,24.9,76.41,0,6.72,7
2017-07-20,28.6,32.6,25,79.89,0,6.19,11
2017-07-21,28.82,34.1,25.6,80.98,0,6.33,2
2017-07-22,29.59,34.2,26.5,75.2,0,7.44,4
2017-07-23,29.41,34.4,25.5,77.18,0,7.14,7
2017-07-24,29.28,33.2,25.7,76.17,0,8,11
2017-07-25,29.33,34,25.7,75.99,0,8.16,16
2017-07-26,28.68,31.4,24.4,79.62,2,7.82,5
2017-07-27,29.25,33.3,25,73.52,0,8.42,14
2017-07-28,29.57,33.8,26.5,73.66,0,7.34,11
2017-07-29,29.43,33.7,26,76.58,0,7.26,5
2017-07-30,29.47,34.5,26.1,78.26,0,7.39,5
2017-07-31,29.53,33.7,25.6,77.02,0,7.39,12
2017-08-01,29.45,33.6,24.9,78.14,2,7.33,6
2017-08-02,29.47,33.3,26.5,71.84,0,9.78,13
2017-08-03,29.34,33.4,25.8,68.61,0,9.13,2
2017-08-04,29.39,33.6,26.2,71.29,0,8.67,3
2017-08-05,29.58,34.1,26.9,74.98,0,8.99,6
2017-08-06,29.09,34.4,25.5,77.17,6,7.64,8
2017-08-07,28.56,31.7,25.3,80.56,2,6.65,8
2017-08-08,27.62,31.4,24.5,83.61,4,5.69,8
2017-08-09,27.56,31.8,23.9,79.53,0,7.67,3
2017-08-10,28.81,33.8,24.6,75.85,0,5.84,8
2017-08-11,27.08,31.9,22.7,85.75,20,5.01,1
2017-08-12,26.57,30.5,22.8,85.05,10,5.22,6
2017-08-13,27.04,30.3,24.4,84.89,2,5.85,4
2017-08-14,28.17,32.5,24.6,77.14,0,6.39,7
2017-08-15,26.69,30.9,21.7,82.11,10,5.28,12
2017-08-16,28.2,33.4,24.2,76.8,0,5.62,10
2017-08-17,27.3,33.5,22.7,83.1,26,6.19,8
2017-08-18,27.57,33.1,24,83.31,4,5.3,10
2017-08-19,28.44,34.4,24.2,80.59,2,6.74,6
2017-08-20,28.96,33.4,25.3,79.04,0,6.89,5
2017-08-21,28.85,33.9,24.9,80.19,2,6.6,6
2017-08-22,27.48,30.4,24.4,79.59,2,7.8,8
2017-08-23,28.94,33.3,25.1,75.42,0,4.97,9
2017-08-24,28.73,33.2,25.6,79.46,2,6.69,8
2017-08-25,28.4,32.3,24.5,79.43,0,6.7,9
2017-08-26,28.9,33.6,25.7,76.62,0,6.72,7
2017-08-27,27.79,32.7,24,81.97,4,6.68,1
2017-08-28,28.3,32.3,24.3,79.06,0,5.71,6
2017-08-29,26.96,30.4,23.3,84.26,0,5.29,8
2017-08-30,27.98,33.6,24.6,80.16,0,4.91,5
2017-08-31,28.94,33.7,24.7,75.62,0,6.76,6
2017-09-01,29.11,34,25.7,76.62,0,7.31,15
2017-09-02,29.18,34.3,25.2,75.17,0,6.87,12
2017-09-03,29.15,33.9,26.8,74.94,0,8.47,9
2017-09-04,28.03,33.21,23.93,76.91,0,5.82,3
2017-09-05,28.83,32.8,24.5,77.88,4,6.61,9
2017-09-06,27.07,30,23.8,83.39,12,4.96,12
2017-09-07,28.09,33,23.6,79.94,2,5.16,7
2017-09-08,27.49,34.3,23.5,82.97,10,5.41,4
2017-09-09,27.98,33.1,23.8,80.13,2,4.42,3
2017-09-10,27.88,32.4,24.5,82.92,2,4.6,13
2017-09-11,26.72,31.5,22.9,85.66,10,4.95,4
2017-09-12,28.03,33.21,23.93,77.16,0,5.14,0
2017-09-13,29.28,34.4,24.8,73.98,0,6.22,9
2017-09-14,28.36,33.1,23.6,78.5,4,5.34,11
2017-09-15,27.56,31.2,23.4,84.33,10,4.69,6
2017-09-16,27.34,31.6,21.9,79.32,10,6.18,4
2017-09-17,28.62,35.1,23.6,77.26,4,7.06,4
2017-09-18,26.88,33.4,22.1,84.59,16,4.64,13
2017-09-19,26.6,31.7,23.6,85.99,6,4.5,13
2017-09-20,27.2,31.6,23.8,82.6,6,6.79,3
2017-09-21,26.96,31.7,23.1,76.53,4,5.52,10
2017-09-22,28.58,33.5,24.2,75.36,2,5.28,6
2017-09-23,28.81,33.2,23.7,76.43,2,6.28,6
2017-09-24,28.03,33.21,23.93,76.02,6,5.93,2
2017-09-25,28.85,33.7,24.1,75.11,0,5.27,5
2017-09-26,27.66,34.6,23,82.51,10,4.59,7
2017-09-27,28.03,33.21,23.93,80.52,0,4.58,2
2017-09-28,28.27,33.3,24.1,78.21,2,4.12,9
2017-09-29,27.46,31.8,22.7,80.91,14,5.18,8
2017-09-30,27.81,31.5,24.5,79.16,0,6.42,6
2017-10-01,27.2,31.3,24.6,86.89,6,4.57,14
2017-10-02,27.82,33.7,24.1,79.91,0,4.97,9
2017-10-03,27.56,32.9,24.3,85.41,6,4.38,5
2017-10-04,26.05,29.3,22.6,86.72,6,5.04,5
2017-10-05,27.5,33.4,23.6,80.22,4,5,6
2017-10-06,28.08,34.5,23.4,80.22,10,4.97,4
2017-10-07,27.67,34.3,22.8,81.84,10,4.76,10
2017-10-08,27.33,33.5,24,84.78,12,4.79,8
2017-10-09,28.22,33.8,23.2,78.39,12,6.25,4
2017-10-10,27.91,33.3,23.4,80.41,8,6.28,5
2017-10-11,28.23,33.4,22.8,77.93,6,4.97,5
2017-10-12,27.15,30.5,22.9,85.69,18,5.2,2
2017-10-13,27.2,31.7,23.6,80.99,2,5.96,7
2017-10-14,29.24,33.6,24.8,71.47,0,5.93,4
2017-10-15,29.81,35,24.6,72.07,0,4.99,7
2017-10-16,28.76,34,23.9,75.9,0,6.07,10
2017-10-17,29.96,35.8,25.6,68.14,0,5.33,11
2017-10-18,30.2,35.8,25.8,71.34,0,5.52,5
2017-10-19,29.95,34.7,25.7,70.02,0,5.36,13
2017-10-20,29.93,35.1,25.2,69.14,0,5.42,11
2017-10-21,29.73,35.4,24.7,79.46,2,5.37,7
2017-10-22,28.76,33.3,24.6,77.9,0,5.58,8
2017-10-23,28.57,32.1,22.9,79.07,2,4.97,10
2017-10-24,28.04,32.7,23.9,79.46,4,4.24,10
2017-10-25,28.3,35.3,23.5,77.44,2,5.04,21
2017-10-26,28.32,34,24,79.83,2,5.32,13
2017-10-27,27.84,32,24.2,80,2,4.73,9
2017-10-28,28.77,34.6,24,72.45,0,4.97,6
2017-10-29,27.27,32.9,23.7,80.87,4,4.69,7
2017-10-30,26.91,30.4,23.9,85.5,18,4.9,14
2017-10-31,26.44,30.8,23,87.69,2,4.8,10
2017-11-01,27.67,33.7,23.8,79.46,0,4.59,19
2017-11-02,27.95,32.5,24.1,79.96,0,4.84,10
2017-11-03,28.06,33.1,22.9,79.81,12,6.07,2
2017-11-04,27.4,33.1,23.4,83.15,6,5.53,8
2017-11-05,28.14,33.2,24.1,79.46,2,5.49,8
2017-11-06,26.77,35.1,19.1,85.69,34,4.63,6
2017-11-07,26.98,31.4,23,86.86,4,4.38,7
2017-11-08,28.03,33.21,23.93,83.31,4,7.26,11
2017-11-09,28.03,33.21,23.93,85.16,20,5.66,5
2017-11-10,26.24,33.1,22.8,86.13,14,4.75,8
2017-11-11,26.12,31.7,23.7,90.08,10,4.41,7
2017-11-12,27.41,32,23.8,83.51,4,4.97,9
2017-11-13,27.82,34.1,24.1,83.41,4,5.52,11
2017-11-14,26.05,28.9,22.7,90.12,38,4.97,5
2017-11-15,28.03,33.21,23.93,81.19,0,5.19,6
2017-11-16,28.21,34.3,24.5,82.4,4,5.09,10
2017-11-17,28.03,33.21,23.93,86.01,6,6.21,10
2017-11-18,28.03,33.21,23.93,83.43,8,4.87,8
2017-11-19,28.31,33.3,24.4,80.61,0,4.97,2
2017-11-20,27.79,32.1,23.8,83.77,4,5.69,9
2017-11-21,26.37,29.4,22.3,89.94,6,4.46,1
2017-11-22,27.59,34.7,22.6,82.46,8,4.94,2
2017-11-23,28.03,33.21,23.93,79.46,8,4.97,2
2017-11-24,26.62,30.8,23.5,86.55,4,6.05,6
2017-11-25,27.45,32.9,24.1,83.55,12,4.97,0
2017-11-26,26.96,32,23.6,87.22,2,4.97,2
2017-11-27,26.17,28,24.5,88.64,2,4.97,9
2017-11-28,27.08,32.1,24.2,83.02,2,4.97,5
2017-11-29,27.33,31.4,24.2,83.89,4,4.97,6
2017-11-30,28.05,32.5,24.2,79.46,0,4.97,4
2017-12-01,28.69,35.4,24.6,75.37,0,4.97,15
2017-12-02,28.03,33.21,23.93,77.62,0,4.97,4
2017-12-03,28.85,33.2,25.4,80.01,0,4.97,4
2017-12-04,28.1,33.6,24.5,84.71,2,4.97,5
2017-12-05,28.74,35.1,24.8,80.54,2,4.97,8
2017-12-06,28.4,34.4,24.1,77.38,2,4.97,13
2017-12-07,27.47,36.9,23.4,83.4,4,4.97,8
2017-12-08,27.43,31.8,24,77.4,0,4.97,6
2017-12-09,26.34,28.9,24,83.19,0,4.97,13
2017-12-10,28.03,33.21,23.93,78.36,16,4.97,11
2017-12-11,27.39,33.8,23.8,79.46,16,4.97,1
2017-12-12,28.03,33.21,23.93,88.12,12,4.97,4
2017-12-13,26.71,33.1,22.6,83.7,14,4.97,5
2017-12-14,27.63,34.3,23.3,80.26,2,4.97,4
2017-12-15,28.03,33.21,23.93,83.97,14,5.43,10
2017-12-16,28.03,33.21,23.93,81.31,2,5.84,6
2017-12-17,27.77,33.1,23.7,79.46,0,8.23,6
2017-12-18,27.86,32.3,25.2,72.53,0,9.04,5
2017-12-19,28.03,33.21,23.93,78.54,2,4.97,3
2017-12-20,28.03,33.21,23.93,76.67,0,4.97,9
2017-12-21,27.79,32.6,24.3,70.93,0,4.97,12
2017-12-22,27.88,33.5,23.4,73.75,16,4.97,7
2017-12-23,27.52,33.2,23,79.5,4,6.76,12
2017-12-24,26.66,29.6,24.4,82.12,0,6.85,3
2017-12-25,27.33,32.3,23.3,78.99,12,4.97,3
2017-12-26,28.03,33.21,23.93,78.85,4,4.97,15
2017-12-27,28.03,33.21,23.93,80.72,4,5.18,7
2017-12-28,28.03,33.21,23.93,81.48,6,5.88,9
2017-12-29,28.03,33.21,23.93,80.81,2,7.54,21
2017-12-30,26.84,30.7,24.4,86.18,8,7.11,9
2017-12-31,25.03,26.8,23.3,93,46,4.97,8
2018-01-01,24.94,27.4,22.7,89.52,30,4.9,8
2018-01-02,25.5,28,23.2,89.14,6,5.2,10
2018-01-03,26.8,33.2,23.5,83.52,10,4.95,8
2018-01-04,26.59,30.2,23.7,84.82,0,5.67,2
2018-01-05,26.15,29.4,23.5,86.6,6,3.63,8
2018-01-06,27.05,32.4,23.5,82.52,0,4.31,5
2018-01-07,27.17,33.2,23.2,83.97,4,5.37,3
2018-01-08,26.83,37,20.9,82.23,36,4.67,8
2018-01-09,27.03,37,19.3,83.05,14,5.7,7
2018-01-10,24.82,36.8,19,90.74,14,5.2,5
2018-01-11,23.85,35.2,19,90.1,8,8.16,11
2018-01-12,23,36.4,19,92.07,6,8.53,11
2018-01-13,22.97,35.8,19,92.55,12,7.28,7
2018-01-14,23.57,37,19,84.66,4,7.58,5
2018-01-15,24.91,36.8,19.1,85.02,0,6.74,11
2018-01-16,26.33,30.7,22.2,80.49,0,6.68,9
2018-01-17,27.31,32.8,23.8,78.6,0,7.09,6
2018-01-18,27.41,33.3,23.8,76.56,0,7.49,8
2018-01-19,26.86,34.1,23.3,81.65,14,5.81,9
2018-01-20,26.57,33.2,23.6,84.74,8,5.02,6
2018-01-21,27.62,34.3,23.5,77.96,0,6.38,6
2018-01-22,28.06,33.2,23.7,77.65,0,5.45,9
2018-01-23,26.98,32.7,24.1,84.5,6,4.97,10
2018-01-24,26.64,32.3,22.9,82.41,24,4.97,1
2018-01-25,26.58,31.9,23.4,84.61,4,4.97,10
2018-01-26,26.36,32.1,23.2,86.8,12,4.97,5
2018-01-27,27.66,33.2,24,81.02,0,4.97,4
2018-01-28,26.96,34.4,21.8,81.84,8,4.97,6
2018-01-29,27.9,33.6,23.2,74.5,0,4.97,4
2018-01-30,27.47,34.9,21.2,81.38,6,5.33,10
2018-01-31,27.38,34.5,23.2,82.24,8,5.06,7
2018-02-01,28.34,33.6,25.2,76.79,2,6.37,18
2018-02-02,25.76,28.3,23.6,89.84,4,5.44,10
2018-02-03,27.31,32.1,23.7,79.09,0,6.83,11
2018-02-04,26.72,31.2,24.5,79.2,0,6.7,6
2018-02-05,26.93,31.6,23.8,74.91,0,7.12,12
2018-02-06,26.9,31.8,22.7,71.17,0,7.29,9
2018-02-07,28.03,33.21,23.93,79.46,4.38,4.97,15
2018-02-08,26.56,30.3,23.6,70.74,4.38,6.92,3
2018-02-09,26.56,32.7,22.4,69.89,4.38,6.58,5
2018-02-10,26.57,32.9,22,70.5,4.38,6.01,11
2018-02-11,27.19,32.9,22.7,67.01,4.38,6.36,17
2018-02-12,27.46,33.1,23.8,67.08,4.38,7.4,10
2018-02-13,27.41,33.7,22.6,73.48,0,5.81,7
2018-02-14,26.9,32.7,23.2,77.41,0,5.77,7
2018-02-15,27.4,34.4,23.5,78.19,2,4.53,1
2018-02-16,27.57,33.7,23.3,78.46,0,4.39,5
2018-02-17,26.03,26.9,25,86.38,4.38,4.99,1
2018-02-18,28.03,33.21,23.93,79.46,4.38,4.97,3
2018-02-19,27.69,34.4,23.7,72.93,0,6.84,2
2018-02-20,27.71,33.8,23.1,74.55,0,5.74,5
2018-02-21,27.97,33.5,23.8,75.37,0,6.6,5
2018-02-22,28.19,35.1,23.9,75.09,0,5.76,8
2018-02-23,26.89,33.5,22.6,83.92,14,4.65,10
2018-02-24,25.88,30.5,23.8,86.12,0,4.59,7
2018-02-25,27.2,31.9,23.7,80.24,0,5.09,5
2018-02-26,27.43,32.4,24.3,78.68,0,6.18,11
2018-02-27,27.57,32.9,23.7,78.68,0,5.55,9
2018-02-28,27.95,35.1,23.5,78.58,14,5.03,3
2018-03-01,27.83,34,24,80.15,2,4.41,16
2018-03-02,27.49,33.7,23.5,83.37,10,3.94,3
2018-03-03,27.81,35.7,23.4,81.81,6,4.53,5
2018-03-04,27.7,35,23.9,82.27,8,3.76,7
2018-03-05,28.73,34.4,24.7,76,0,5.39,16
2018-03-06,28.27,35.6,22.6,77.63,4,4.12,10
2018-03-07,26.49,29.8,24,86.44,4,4.14,7
2018-03-08,26.92,31,23.6,84.61,0,4.28,10
2018-03-09,28.54,34.3,24,73.86,0,6.14,11
2018-03-10,27.29,30.2,24,82.26,10,6.82,14
2018-03-11,27.67,33.4,23.8,77.98,0,4.97,5
2018-03-12,27.47,32.2,24,80.68,4,5.25,25
2018-03-13,28.17,33.5,24.8,76.93,0,5.13,12
2018-03-14,28.49,34.3,24,74.12,0,4.86,5
2018-03-15,28.87,35.7,24,74.11,0,4.2,4
2018-03-16,28.33,34.2,24,78.53,2,4.94,3
2018-03-17,28.41,35.5,22.2,77.04,2,4.92,2
2018-03-18,28.49,34.1,23.5,75.08,0,5.43,0
2018-03-19,28.75,35.2,24.3,75.19,2,5.04,5
2018-03-20,28.55,35.1,22,75.54,10,4.98,4
2018-03-21,28.07,34.7,24.6,78.85,0,3.81,11
2018-03-22,28.86,34.4,24.7,73.3,0,6.25,8
2018-03-23,28.74,34,24.4,71.22,0,5.95,6
2018-03-24,28.02,33.3,22.7,75.5,8,5.13,2
2018-03-25,26.98,31.3,23.9,84.43,2,3.53,0
2018-03-26,27.5,33.7,24,83.24,10,4.17,4
2018-03-27,25.45,29.7,23.1,89.09,4,5.06,3
2018-03-28,26.9,34.4,23,81.97,4,3.48,3
2018-03-29,26.89,31.4,23.4,85.06,0,3.64,3
2018-03-30,26.78,34.1,21.7,81.21,6,3.46,5
2018-03-31,28.15,34.3,23.5,79.38,0,4.42,6
2018-04-01,28.15,34.1,22.5,78.79,16,4.4,13
2018-04-02,28.34,34.4,24.4,79.38,4,4.97,6
2018-04-03,28.5,34.7,24.9,75.61,0,4.96,3
2018-04-04,28.62,34.1,24.1,73.09,0,5.35,7
2018-04-05,28.56,34.5,23.9,74.45,0,4.8,17
2018-04-06,28.54,35.1,23.6,76.51,2,4.56,19
2018-04-07,27.74,33.7,23.9,80.57,20,4.7,8
2018-04-08,28.38,33.4,25.5,76.99,0,4.97,12
2018-04-09,28.83,33.7,25.4,75.53,0,4.97,14
2018-04-10,28.73,34.7,24.9,76.69,0,4.25,10
2018-04-11,28.36,34.6,25.1,80.46,0,4.92,5
2018-04-12,28.03,33.21,23.93,79.46,4.38,4.56,11
2018-04-13,28.03,33.21,23.93,79.46,4.38,5.22,11
2018-04-14,28.03,33.21,23.93,79.46,4.38,3.34,3
2018-04-15,28.03,33.21,23.93,79.46,4.38,3.44,5
2018-04-16,26.1,29.5,23.9,88.03,4,3.49,12
2018-04-17,27.98,34.4,23.7,80.65,8,3.82,4
2018-04-18,28.68,34,24.5,78.09,0,4.78,4
2018-04-19,27.82,34.1,24.2,83.62,8,3.78,4
2018-04-20,27.58,34.3,22.6,84.89,24,4.24,9
2018-04-21,27.09,33.2,24.4,86,4,3.55,8
2018-04-22,27.88,34.5,24.6,84.87,4,3.62,5
2018-04-23,27.38,33.7,22.9,86.48,14,3.55,10
2018-04-24,28.27,33,24,78.67,2,4.11,10
2018-04-25,29.77,35,25.1,70.46,0,4.07,9
2018-04-26,28.81,34.4,24,81.2,4,3.75,10
2018-04-27,26.75,33.2,22.1,87.3,14,3.23,6
2018-04-28,27.75,34.8,22,82.23,2,3.6,6
2018-04-29,29.46,34.9,24.3,78.45,0,4.67,6
2018-04-30,29.2,34.3,24.5,79.72,2,4.51,16
2018-05-01,27.04,30.8,23.9,89.17,12,3,17
2018-05-02,27.86,34.8,22.4,82.93,4,3.24,9
2018-05-03,28.05,35.2,22.5,82.24,12,3.45,8
2018-05-04,28.86,35.1,24.4,78.64,6,3.71,1
2018-05-05,28.38,33.1,24.8,82.11,2,3.81,5
2018-05-06,29.25,34.8,25,78.72,0,4.2,14
2018-05-07,29.47,34.4,24.9,76.25,0,4.16,8
2018-05-08,29.96,35.1,25.7,72.11,0,4.94,9
2018-05-09,30.29,36.1,27,72.24,0,5.62,9
2018-05-10,29.41,35.2,25.8,75.44,0,4.97,7
2018-05-11,29.39,34.6,24.6,76.35,4,4.97,11
2018-05-12,29.48,35.2,25.3,74.74,2,4.71,18
2018-05-13,28.3,32.2,23,82.47,10,4.04,6
2018-05-14,28.84,34.4,24.8,78.79,2,3.94,14
2018-05-15,28.43,34.1,24.4,82.07,8,3.31,13
2018-05-16,27.3,34.7,22.7,85.43,10,3.58,13
2018-05-17,28.5,34,24.4,81.83,2,3.21,4
2018-05-18,27.91,34.7,22.7,83.75,14,3.68,6
2018-05-19,27.6,34.8,24.2,85.35,8,2.93,9
2018-05-20,26.97,31.6,23.2,89.62,6,2.5,8
2018-05-21,28.4,33.4,24.7,81.62,0,2.87,16
2018-05-22,28.64,34,25.2,81.1,0,3.48,10
2018-05-23,27.47,31.5,23.2,85.05,12,3.45,10
2018-05-24,28.61,35.4,23.2,75.76,0,4.56,10
2018-05-25,28.9,35.3,24.9,77.7,4,3.47,9
2018-05-26,27.59,34.2,23.6,87.06,24,3.44,3
2018-05-27,27.62,32.4,23.8,85.36,2,3.78,1
2018-05-28,27.61,31.6,24,86.81,8,3.8,18
2018-05-29,28.06,34,23.8,83.58,4,3.14,5
2018-05-30,27.8,32.6,24.2,83.98,4,3.25,10
2018-05-31,27.77,31.6,23.4,83.51,2,3.08,7
2018-06-01,27.87,32.2,22.9,81.1,20,3.23,5
2018-06-02,27.12,32.3,21.9,84.5,28,3.14,12
2018-06-03,28.89,33.9,24.9,79.19,0,2.99,6
2018-06-04,29.52,34.3,23,73.67,2,3.6,11
2018-06-05,29.74,34.7,25.1,77.21,0,4.97,2
2018-06-06,30.11,35,25.7,77.64,0,4.43,8
2018-06-07,30.24,35,26.6,76.96,0,4.56,12
2018-06-08,29.02,33.5,22.4,76.43,8,4.19,10
2018-06-09,29.39,33.8,25,77.39,0,3.78,9
2018-06-10,29.69,32.8,26.4,77.62,0,5.01,3
2018-06-11,30.08,34.2,26.4,73.89,0,5.12,12
2018-06-12,29.7,33.3,26.6,76.1,0,4.29,24
2018-06-13,28.56,33.2,24.1,81.19,6,3.84,10
2018-06-14,28.7,33.6,24.1,81.24,2,3.38,13
2018-06-15,26.97,29.6,21.7,86.99,10,3.5,0
2018-06-16,29.14,34,25.1,80.11,0,4.22,9
2018-06-17,29.55,33.9,25.8,77.9,0,4.17,4
2018-06-18,28.33,31.8,22.8,83.27,8,3.62,15
2018-06-19,27.65,31,22.8,80.38,6,5.03,7
2018-06-20,26.78,31,22.2,87.04,14,3.32,11
2018-06-21,27.9,33.6,24.7,84.59,0,3.5,8
2018-06-22,29.15,32.9,25,82.24,2,4.23,13
2018-06-23,27.14,31.7,24.2,86.03,6,3.77,5
2018-06-24,26.74,31.3,23.3,84.83,2,4.68,9
2018-06-25,26.58,30.4,22,82.59,10,4.12,14
2018-06-26,26.69,29.1,21.9,83.64,16,2.74,14
2018-06-27,25.8,28.5,22.4,87.78,12,3.62,9
2018-06-28,27.71,32.6,23.9,79.69,2,3.72,15
2018-06-29,25.99,28.3,22,88.35,26,3.39,11
2018-06-30,27.91,31.7,23.9,79.21,0,4.35,4
2018-07-01,26.68,30.8,21.6,87.13,6,3.64,8
2018-07-02,27.3,32,24.3,85.12,0,3.25,5
2018-07-03,27.35,31.3,21.2,83.65,8,3.59,6
2018-07-04,28.4,33.3,23.7,76.76,0,3.63,5
2018-07-05,28.8,33.5,24.5,76.32,0,4.68,9
2018-07-06,28.79,33.1,25.3,73.27,0,5.04,10
2018-07-07,28.55,32.9,23.5,76.88,6,4.54,5
2018-07-08,28.58,32.1,24.6,78.65,0,4.73,9
2018-07-09,28.62,32.3,24.2,80.55,2,4.52,22
2018-07-10,26.88,29.5,22.6,84.66,6,4.73,4
2018-07-11,28.21,32.6,25.4,76.68,0,3.73,12
2018-07-12,29.15,34.4,25.2,76.72,0,4.4,16
2018-07-13,29.03,33.3,26.4,78.3,0,5.38,8
2018-07-14,28.39,31.8,21.9,78.41,2,4.86,4
2018-07-15,27.36,31.5,21.1,81.04,12,4.57,3
2018-07-16,28.85,33,24.7,76.52,0,4.8,11
2018-07-17,28.99,32.5,26.4,77.39,0,5.46,3
2018-07-18,29.08,32.8,26.7,78.8,0,5.45,9
2018-07-19,28.29,32.6,23.2,81.35,10,4.81,6
2018-07-20,28.95,33,24.8,79.03,4,4.21,7
2018-07-21,28.47,32.3,24.6,77.01,2,3.74,3
2018-07-22,28.72,33,25.1,80.19,2,4.12,5
2018-07-23,29.47,34.6,25.4,77.47,0,4.79,10
2018-07-24,29.52,34.8,26.3,76.82,0,5.39,12
2018-07-25,27.4,31,23.2,82.01,8,4.08,7
2018-07-26,28.49,34.4,23.5,76.06,0,4.32,6
2018-07-27,29.29,33.7,25.8,72.34,0,4.81,7
2018-07-28,29.58,34.1,26.7,72.74,0,4.78,9
2018-07-29,29.03,34,24.7,76.94,0,4.21,2
2018-07-30,26.89,30.3,23.1,85.87,8,4.26,8
2018-07-31,27.67,33.2,24.9,81.77,0,3.56,9
2018-08-01,26.47,29.2,24.2,86.34,0,3.8,13
2018-08-02,27.9,32.9,24.7,76.03,0,4.7,9
2018-08-03,28.68,33,24.8,76.83,0,4.97,5
2018-08-04,28.25,33,24.2,80,4,4.83,3
2018-08-05,28.11,31.6,24.7,80.13,2,4.59,15
2018-08-06,28.5,32.7,25.1,79.13,0,4.75,8
2018-08-07,28.34,31.5,24.4,80.14,0,4.94,2
2018-08-08,27.02,30.9,21,81.69,2,4.24,9
2018-08-09,28.51,32.9,25,80.2,0,4.15,7
2018-08-10,29.16,33.3,25.1,76.29,0,4.52,10
2018-08-11,29.12,34.5,25.5,77.56,0,4.6,13
2018-08-12,29.33,33.8,25.3,74.94,0,4.59,11
2018-08-13,29.61,34.3,26.9,76.18,0,5.2,12
2018-08-14,29.61,35,26.8,75.34,0,5.72,3
2018-08-15,29.61,34.2,27.1,74.16,0,6.03,6
2018-08-16,29.4,34,25.9,74.61,0,5.21,8
2018-08-17,28.35,32.2,22.5,78.88,4,5.04,7
2018-08-18,29.02,33.9,25,74.93,0,5.66,6
2018-08-19,29.25,33.5,25.7,73.21,0,6.3,3
2018-08-20,29.38,34,26.5,71.63,2,5.36,22
2018-08-21,29.28,34.2,25.2,75.49,0,5.14,13
2018-08-22,27.34,30.3,23.8,86,20,3.43,2
2018-08-23,28.67,33.6,24,74.54,0,4.03,15
2018-08-24,27.05,31.8,21.9,85.09,10,3.59,7
2018-08-25,27.67,33,23.8,77.93,0,4.35,7
2018-08-26,29.1,34.6,24.4,71.1,0,4.53,7
2018-08-27,29.28,35,24.5,76.05,0,5.3,17
2018-08-28,28.29,32.8,24.1,79.33,2,4.04,12
2018-08-29,28.09,32.2,24.5,77.41,0,4.34,6
2018-08-30,28.48,33.6,24.3,75.44,0,4.5,16
2018-08-31,27.59,33.6,23,79.91,10,4.57,11
2018-09-01,27.48,33.4,23.2,79.14,2,3.59,11
2018-09-02,26.95,30.1,21.4,83.85,4,3.33,6
2018-09-03,27.68,31.7,23.5,78.66,0,4.67,4
2018-09-04,26.38,28.7,22,83.74,6,3.53,6
2018-09-05,27.21,31.5,23.2,80.02,0,3.66,13
2018-09-06,28.27,33,24.1,75.71,0,3.85,6
2018-09-07,26.74,30.5,23.3,88.19,18,3.22,6
2018-09-08,26.63,30.8,21.5,86.18,22,3.69,4
2018-09-09,27.38,31.6,23.3,82.05,6,3.97,4
2018-09-10,27.2,32.1,23.4,80.73,4,4.18,4
2018-09-11,26.56,30.6,24.1,84.86,2,3.6,10
2018-09-12,27.6,32,22.6,80.05,0,4.97,6
2018-09-13,28.98,33.8,24.4,69.61,0,4.11,11
2018-09-14,29.01,33.5,24.6,72.64,0,4.97,7
2018-09-15,28.68,32.3,25.9,72.69,0,4.39,3
2018-09-16,28.51,31.8,25.7,71.45,0,4.93,8
2018-09-17,28.9,33.6,25.1,69.49,0,5.23,11
2018-09-18,27.75,32.4,22.7,78.22,4,3.88,15
2018-09-19,26.75,33.3,22.4,82.4,22,3.69,7
2018-09-20,26.46,32.7,21.4,84.34,8,3.81,11
2018-09-21,26.04,32.1,22,79.46,10,3.47,4
2018-09-22,27.25,33,23,82.32,4,3.4,7
2018-09-23,28.77,34.6,23.6,74.05,0,3.45,3
2018-09-24,29.16,34.5,24.3,74.31,0,3.75,11
2018-09-25,29.24,34.7,25,73.02,0,3.96,5
2018-09-26,28.62,34.3,23,77.71,2,3.99,6
2018-09-27,29.21,34.6,24.8,75.34,0,3.86,4
2018-09-28,29.5,34.8,25.5,72.71,0,4.34,8
2018-09-29,29.4,36,25.1,72.22,0,4.47,4
2018-09-30,29.36,34.3,25.6,73.6,0,4.78,4
2018-10-01,29.48,34.6,25.5,73.3,0,4.56,10
2018-10-02,29.57,35.2,25.1,72.01,0,3.83,3
2018-10-03,29.53,34.4,25.9,73.57,0,3.51,5
2018-10-04,29.81,35.7,26.8,73.01,0,4.97,4
2018-10-05,29.83,35.6,25.6,70.72,0,4.3,9
2018-10-06,28.1,34.3,23.3,81.76,6,3.74,6
2018-10-07,27.47,32.5,23.6,82.83,4,3.23,14
2018-10-08,26.92,33.2,23.3,85.78,12,4.97,9
2018-10-09,26.4,31.7,23.3,87.36,18,2.71,10
2018-10-10,26.34,33.2,23.4,87.18,22,3.04,9
2018-10-11,26.65,34,22.9,86.01,18,3.24,8
2018-10-12,26.61,32.5,22.5,86.23,8,3.92,22
2018-10-13,26.67,29.8,22.7,86.75,6,2.86,6
2018-10-14,25.59,27.5,23.3,93.01,8,3.15,4
2018-10-15,28.12,34.4,24.3,77.94,0,3.25,10
2018-10-16,27.55,34.6,24.2,81.52,4,3.17,14
2018-10-17,27.49,32.4,23.6,82.1,2,3.15,12
2018-10-18,26.7,30.5,21.9,80.58,6,4.1,11
2018-10-19,28.05,33.5,23.1,77.05,6,3.79,4
2018-10-20,28.93,34,24.7,75.32,0,3.55,9
2018-10-21,28.83,35,24.5,77.49,0,3.39,6
2018-10-22,28.62,35.4,22.9,75.6,2,3.82,12
2018-10-23,27.46,34.8,21.9,81.62,14,3.15,18
2018-10-24,27.57,33.8,24.3,80.83,2,3.83,11
2018-10-25,27.37,32.1,23.3,83.21,6,2.73,10
2018-10-26,28.28,34.3,24,79.66,6,4.97,12
2018-10-27,27.68,33.3,24.2,83.93,4,2.92,9
2018-10-28,27.23,33.2,23.9,85.03,8,2.62,7
2018-10-29,27.48,34.9,23.6,84.05,6,3.02,12
2018-10-30,27.46,35.4,23.8,85.46,10,3.14,12
2018-10-31,27.47,32.9,24.1,81.52,0,3.72,14
2018-11-01,26.49,30.7,24.2,86.91,2,3.47,11
2018-11-02,26.9,32.7,23.8,82.63,4,3.28,3
2018-11-03,27.14,31.9,23.7,85.14,8,2.89,5
2018-11-04,27.3,34.5,23.6,86.25,8,3.27,5
2018-11-05,27.45,34.1,24.6,85.53,2,3.05,12
2018-11-06,27.29,33.4,23.6,83.13,2,3.63,10
2018-11-07,28.12,34.1,23.5,78.1,10,3.35,4
2018-11-08,28.07,34.5,23.4,77.97,14,3.85,9
2018-11-09,27,29.7,23.7,87.3,8,4.97,5
2018-11-10,27.52,34.1,23.5,84.39,12,2.95,10
2018-11-11,26.61,32.5,22.7,88.52,22,2.77,6
2018-11-12,27.59,33.5,24.1,82.09,8,3.02,17
2018-11-13,27.51,32.8,23.9,82.18,0,2.95,10
2018-11-14,27.58,31.6,23.7,79.71,18,4.97,9
2018-11-15,26.31,31.9,22.9,89.56,10,3.26,16
2018-11-16,27.95,33.3,24.2,82.18,0,4.97,14
2018-11-17,27.46,32.2,21.4,82.32,12,3.08,9
2018-11-18,26.74,32,23.2,85.9,4,2.91,8
2018-11-19,26.97,33.7,23,83.56,10,3.52,15
2018-11-20,27.84,33.7,23.3,78.92,2,3.36,13
2018-11-21,26.45,31,22.6,86.52,16,4.08,19
2018-11-22,26.84,31.8,21.9,84.08,12,2.92,13
2018-11-23,27.65,34.5,24.2,82.02,6,3.23,18
2018-11-24,28.35,34.5,23.4,77.2,0,3.39,11
2018-11-25,28.08,32.7,23,80.81,6,2.82,16
2018-11-26,28.12,33.8,22.2,79.74,8,3.38,24
2018-11-27,26.94,30.1,22.5,85.12,8,3.78,18
2018-11-28,27.92,34.8,24.3,81.1,4,3.47,8
2018-11-29,27.88,33.5,23.7,82.8,4,3.49,16
2018-11-30,27.57,32.5,23.9,84.07,4,4,15
2018-12-01,26.98,32.5,23.6,85.94,10,4.14,8
2018-12-02,26.82,35.2,23.8,85.84,6,4.38,9
2018-12-03,26.58,33,23.8,88.93,4,2.93,8
2018-12-04,27.74,33.9,24,82.97,2,3.28,6
2018-12-05,27.2,34.3,22.9,86.45,14,3.25,3
2018-12-06,26.92,33.9,23,86.73,6,3.06,6
2018-12-07,27.21,33,23.5,84.24,4,3.07,7
2018-12-08,27.3,34.3,23.2,84.3,10,3.3,1
2018-12-09,27.98,34.7,24.8,83.27,4,3.02,10
2018-12-10,27.46,34.9,22.8,85.35,6,3.27,9
2018-12-11,26.4,32.3,23.4,88.38,18,4.97,14
2018-12-12,26.72,33.2,23.4,87.24,16,4.97,18
2018-12-13,26.49,30.1,23.9,88.01,0,3.92,20
2018-12-14,26.91,31.3,23.6,82.95,0,4.25,13
2018-12-15,26.84,32.6,22.8,83.86,14,3.45,14
2018-12-16,26.71,34.2,23.4,84.24,8,3.34,9
2018-12-17,27.34,33.9,23.7,81.79,2,3.36,18
2018-12-18,28.22,33.5,24.8,79.08,0,3.56,12
2018-12-19,28.09,34.8,22.9,80.47,4,3.3,24
2018-12-20,27.92,34.9,23.6,79.46,6,4.97,23
2018-12-21,28.05,34.5,24.6,80.38,2,4.51,26
2018-12-22,28.2,34.7,24.6,78.99,2,4.38,17
2018-12-23,27.94,34.7,23.3,78.27,2,3.3,16
2018-12-24,28.53,34.5,23.8,76.35,0,3.64,26
2018-12-25,28.63,33.8,24.6,77.23,0,3.81,15
2018-12-26,28.32,33.6,22.6,75.46,2,5.3,26
2018-12-27,27.82,31.4,24.3,77.8,0,4.97,27
2018-12-28,29.19,34.4,24.9,70.6,0,4.81,35
2018-12-29,28.13,31.4,23.7,79.16,0,3.88,15
2018-12-30,28.53,35.4,24.5,78.52,2,4.75,11
2018-12-31,27.21,33,22.4,84.37,16,4.95,22
2019-01-01,28.02,34.8,22.8,75.7,4,4.49,17
2019-01-02,28.79,33.2,24.7,72.24,0,5.53,40
2019-01-03,29.09,32.9,24.7,75.64,0,7.19,49
2019-01-04,29.26,33.6,25.4,69.74,0,5.52,17
2019-01-05,28.3,34,24,80.24,4,4.04,23
2019-01-06,28.62,33.5,25.2,78.25,0,5.8,13
2019-01-07,28.81,33.8,25.2,75.1,0,6.17,43
2019-01-08,27.88,32.5,24.7,82.04,6,5.11,49
2019-01-09,28.27,33.1,24.9,78.46,0,5.68,40
2019-01-10,28.71,33.8,24.7,72.35,0,5.96,45
2019-01-11,28.3,33.9,24.5,74.96,0,5.75,37
2019-01-12,28.31,34.4,23.6,73.57,8,5.19,23
2019-01-13,27.76,34.7,23.1,78.1,4,5.28,19
2019-01-14,27.98,33.3,24.2,77.7,0,5.27,41
2019-01-15,28.28,34.2,24.3,72.76,2,4.8,36
2019-01-16,28.28,32.9,24.6,74.71,0,5.33,34
2019-01-17,26.66,32.6,23.8,84,10,5.08,30
2019-01-18,25.87,29.3,22.5,85.94,24,5.39,38
2019-01-19,27.43,32.3,23.5,76.74,0,5.62,22
2019-01-20,28.03,33.4,24.3,75.49,0,5.79,13
2019-01-21,28.05,32.9,24.9,74.72,2,6.12,38
2019-01-22,27.68,31.7,24.6,74.29,0,6.05,39
2019-01-23,28,32.9,24.6,73.28,0,6.63,29
2019-01-24,27.65,32.4,24.7,73.56,0,6.33,47
2019-01-25,27.19,31.6,23.6,75.07,0,6.29,37
2019-01-26,27.24,32.1,23.8,74.46,0,6.73,25
2019-01-27,27.79,32.7,24.6,75.75,0,7.23,18
2019-01-28,26.82,29.9,24.6,83.33,0,6.96,28
2019-01-29,27.95,33.7,24.6,77.55,0,7.16,39
2019-01-30,28.05,33.2,24.8,73.11,0,6.39,30
2019-01-31,27.81,32.7,23.9,75.25,0,5.37,29
2019-02-01,28.27,34.3,24.7,74.31,0,6.49,13
2019-02-02,28.21,33.2,24.6,76.85,0,6.01,14
2019-02-03,28.25,33.4,24.7,77.79,0,6.03,17
2019-02-04,28.1,34.5,23.3,78.51,4,5.35,27
2019-02-05,28.06,33.6,24.3,75.6,0,5.47,9
2019-02-06,27.98,34.3,23,71.71,0,5.6,10
2019-02-07,27.88,34.4,23.2,75.43,4,5.41,29
2019-02-08,28.37,34.7,24,74.92,0,5.38,30
2019-02-09,28.68,35.8,24.5,75.81,0,5.18,18
2019-02-10,28.4,34.1,25.1,74.97,0,6.2,15
2019-02-11,27.95,33.6,23,66.86,0,6.65,27
2019-02-12,28.56,34.5,22.4,68.6,0,6.32,33
2019-02-13,28.6,33.5,25,75.45,0,7.13,37
2019-02-14,28.72,34.1,26.1,71.57,0,7.41,43
2019-02-15,27.99,33.3,24.1,72.15,0,6.59,46
2019-02-16,28.3,34.7,24.4,70.69,0,6.36,38
2019-02-17,27.48,34.4,22,78.47,10,4.9,13
2019-02-18,26.84,31.7,21.4,80.96,4,3.79,47
2019-02-19,27.72,33.7,23.8,80.23,6,4.77,32
2019-02-20,27.99,33.3,23.3,79.17,4,4.85,19
2019-02-21,28.5,34,24,72.59,0,6.31,133
2019-02-22,28.41,35.3,24.2,75.46,0,5.25,15
2019-02-23,28.25,34.4,23.9,72.7,0,5.89,12
2019-02-24,28.11,33.6,23.2,71.86,0,5.59,12
2019-02-25,28.62,34.3,23.9,73.61,0,6,19
2019-02-26,28.53,33.6,25.4,76.03,0,6.69,29
2019-02-27,28.28,34.2,25,71.58,0,6.89,23
2019-02-28,28.25,33.5,24.8,75.71,0,5.66,32
2019-03-01,28.44,33.9,24.2,71.59,0,6.31,24
2019-03-02,28.4,35.2,24.1,68.4,0,5.81,19
2019-03-03,28.13,36,22.6,69.19,0,5.29,14
2019-03-04,27.97,35,22.8,71.77,4,4.94,30
2019-03-05,28.6,34.4,23.4,70.28,0,4.6,20
2019-03-06,28.66,33.1,25.5,75.24,0,5.07,22
2019-03-07,29.01,35.2,23.4,74.57,0,4.18,11
2019-03-08,29.01,35.2,25.1,73.59,0,4.78,28
2019-03-09,29.08,36,24.9,71.69,0,4.76,11
2019-03-10,28.87,34.9,24.3,73.78,0,4.76,10
2019-03-11,27.2,34.1,21.5,81.58,22,4.24,18
2019-03-12,28.4,35.9,23.6,73.04,2,4.41,20
2019-03-13,29.12,35.3,23.7,74.19,0,4.91,26
2019-03-14,28.95,35,23.9,67.82,0,5.56,11
2019-03-15,28.68,34.9,23.7,65.78,0,5.36,7
2019-03-16,28.32,34.6,23,71.82,2,5.88,11
2019-03-17,28.71,34.8,24,67.39,0,5.94,2
2019-03-18,28.89,35.4,22.8,62.39,0,5.99,15
2019-03-19,28.88,34.6,23.2,66.9,0,5.87,15
2019-03-20,29.2,34.6,24.6,69.47,0,5.24,16
2019-03-21,27.95,35.7,22.1,75.23,28,5.23,19
2019-03-22,28.66,36,23.9,74.21,0,4.08,19
2019-03-23,29.21,36,25.1,76.59,2,3.98,16
2019-03-24,28.83,35.2,23.7,76.36,2,4.14,14
2019-03-25,28.55,35.1,22.7,77.54,6,4.72,13
2019-03-26,29.56,35.4,25.5,73.07,0,5.85,15
2019-03-27,29.85,35.6,25.8,67.28,0,5.82,10
2019-03-28,27.97,34.9,21.5,78.98,12,4.45,17
2019-03-29,29.02,34.7,23.8,74.23,0,3.9,13
2019-03-30,27.65,34.2,22.2,82.55,2,3.5,7
2019-03-31,28.71,33,25.3,79.8,0,3.59,10
2019-04-01,27.24,32.8,23.6,84.17,18,4.07,20
2019-04-02,28.19,33.5,24.5,77.85,0,3.82,18
2019-04-03,27.04,35.2,21,79.99,20,3.78,6
2019-04-04,28.65,36,23.5,73.52,8,4.49,19
2019-04-05,28.42,35.2,23.7,73.7,2,4.4,22
2019-04-06,28.66,35,23.9,69.68,0,4.85,10
2019-04-07,28.98,36,23.5,70.82,0,4.32,11
2019-04-08,29.17,35,24.7,72.77,0,4.85,17
2019-04-09,28.97,35,24.8,74.29,6,4.23,26
2019-04-10,28.4,34.2,23.8,77.94,4,3.64,27
2019-04-11,27.85,32.9,23.6,82.96,4,3.01,19
2019-04-12,28.77,34.3,24.8,74.63,0,3.89,17
2019-04-13,29.38,34.9,25.3,73.99,0,4.24,12
2019-04-14,28.58,33.9,23.5,80.9,6,4.23,15
2019-04-15,29.45,36,24.7,74.34,0,4.22,27
2019-04-16,29.98,35.8,25.9,72.47,2,4.84,22
2019-04-17,29.97,35.9,25.6,73.62,0,4.64,25
2019-04-18,29.88,36,25.5,72.49,0,4.36,12
2019-04-19,29.2,36,23.8,76.35,4,3.72,16
2019-04-20,28.19,32,23.4,83.88,8,3.24,19
2019-04-21,28.03,33.21,23.93,79.46,4.38,4.97,18
2019-04-22,28.03,33.21,23.93,79.46,4.38,4.97,27
2019-04-23,28.07,34.4,24.1,83.52,24,3.77,25
2019-04-24,28.34,32.7,21.5,83.86,2,2.81,27
2019-04-25,28.47,33.3,21.8,82.61,4,3.22,21
2019-04-26,26.09,35.4,21.4,89.35,32,3.75,17
2019-04-27,27.5,32,21.3,81.09,6,3.42,17
2019-04-28,29.08,35.6,21.7,75.82,2,3.83,19
2019-04-29,29.1,36,24,80.38,4,4.54,33
2019-04-30,28.45,33.3,24.6,79.38,2,3.46,44
2019-05-01,29.51,34.1,25.5,76.36,0,3.55,11
2019-05-02,29.49,34.5,25.6,79.51,2,3.32,39
2019-05-03,29.67,34.4,25.6,79.53,2,3.66,28
2019-05-04,28.87,33.6,23,80.8,8,3.18,27
2019-05-05,28.62,32.9,24.7,80.68,0,4.87,17
2019-05-06,30.08,34.6,26.1,71.04,0,5.62,51
2019-05-07,30.22,35,25.3,72.63,2,3.83,46
2019-05-08,26.98,31.3,21,85.53,38,3.8,47
2019-05-09,29.65,34.4,25,76.01,0,3.87,49
2019-05-10,29.4,35.3,22,76.23,12,4.03,63
2019-05-11,28.95,32.9,24,81.65,4,3.01,22
2019-05-12,29.6,34.7,25.7,79.34,0,3.01,16
2019-05-13,28.76,34.3,23.5,82.47,6,3.53,64
2019-05-14,28.94,35,24.9,81.08,4,3.82,57
2019-05-15,29.05,34.7,24.5,82.41,4,3.53,56
2019-05-16,28.6,32.9,23.6,81.18,6,3.38,46
2019-05-17,27.87,36,21.8,82.18,6,4.02,37
2019-05-18,29.02,33.4,25.3,79.8,0,4.08,36
2019-05-19,27.66,31.4,22.7,81.96,6,3.57,37
2019-05-20,28.65,33.4,25.1,79.67,0,3.76,35
2019-05-21,28.32,33.8,24.8,81.6,2,3.89,60
2019-05-22,27.93,33.3,23.7,84.11,4,3.28,82
2019-05-23,29.11,34.1,24.8,77.12,0,4.08,63
2019-05-24,30.07,35.3,25.7,71.83,0,3.94,58
2019-05-25,29.28,34.1,25.4,77.85,0,4.14,46
2019-05-26,29.73,34.9,25.3,76.54,0,4.07,35
2019-05-27,29.6,35,25.6,78.43,2,4.69,76
2019-05-28,29.93,35.5,26.3,75.87,0,4.97,69
2019-05-29,29.46,34.1,24.8,78.04,4,3.81,54
2019-05-30,27.87,33,23.4,84.27,12,3.41,65
2019-05-31,28.58,33.7,24.8,81.11,2,3.57,63
2019-06-01,28.07,32.5,25.3,83,0,3.86,41
2019-06-02,28.33,33.7,22.4,79,16,3.65,44
2019-06-03,26.8,32.1,23.5,88.76,24,3.75,57
2019-06-04,27.8,33,24.9,84.1,2,3.68,82
2019-06-05,28.86,33.5,25.3,80.98,0,3.87,31
2019-06-06,27.01,29.5,24.2,88.68,8,3.82,70
2019-06-07,26.13,28.2,23.6,88.72,12,3.7,70
2019-06-08,27.31,30.8,24.3,85.84,2,3.59,53
2019-06-09,28.34,32.5,24.2,82.16,2,3.58,49
2019-06-10,29.68,34.3,26,77.86,0,4.35,85
2019-06-11,29.4,34.3,24,78.63,14,4.66,70
2019-06-12,26.99,30.2,23.4,84.99,16,6.28,78
2019-06-13,28.44,31.6,25,83.7,4,6.09,63
2019-06-14,29.13,33.7,26.1,79.76,2,5.72,71
2019-06-15,28.41,33.2,24.7,81.38,4,6.33,53
2019-06-16,29.29,33.5,25.4,78.3,0,6.64,31
2019-06-17,28.83,33.1,23.8,81.49,4,6.11,82
2019-06-18,27.12,29.8,21.6,87.28,10,4.49,72
2019-06-19,27.72,30.5,23.8,85.45,4,5.66,74
2019-06-20,28.43,33.6,24.6,82.59,4,4.49,53
2019-06-21,28.09,33,24.7,82.35,2,4.99,74
2019-06-22,26.78,31.6,22.5,85,14,5.54,53
2019-06-23,28.46,33,24.4,79.47,0,4.72,37
2019-06-24,28.99,33.8,25.7,78.45,0,5.19,97
2019-06-25,29.56,34,25.7,75.05,0,5.66,98
2019-06-26,28.23,32.5,23.9,79.19,4,4.5,73
2019-06-27,29,33.8,24.9,78.16,0,4.89,73
2019-06-28,29.49,33.7,26.1,76.56,0,6.53,66
2019-06-29,28.88,33.6,23.9,80.91,2,6.33,57
2019-06-30,28.72,32.6,25,78.92,0,5.45,33
2019-07-01,29.34,33.7,26,73.24,0,4.97,88
2019-07-02,29.6,34,25.9,74.72,0,5.97,124
2019-07-03,28.69,32.3,21.1,79.67,4,5.48,119
2019-07-04,29.11,34.2,24.2,78.66,2,4.94,100
2019-07-05,29.34,34.2,26.3,76.88,0,5.74,65
2019-07-06,29.18,34.5,24.7,77.3,2,4.7,78
2019-07-07,28.43,33.8,23.9,81.49,4,4.25,56
2019-07-08,27.71,36,22.6,83.48,10,4.1,125
2019-07-09,27.39,31.1,22.3,83.01,8,4.13,112
2019-07-10,29,33.6,21,73.48,0,6.78,107
2019-07-11,29.45,34.4,26.5,69.07,0,7.2,93
2019-07-12,29.2,33.9,25,73.94,0,4.97,108
2019-07-13,29.37,34.2,25,74.82,0,5.94,67
2019-07-14,29.53,33.7,26.6,74.22,0,6.36,62
2019-07-15,27.12,29.2,22.5,82.56,6,5.79,98
2019-07-16,28.57,32.3,24.6,74.22,2,5.79,140
2019-07-17,28.88,33,24.6,70.5,0,5.69,90
2019-07-18,29.02,33.4,25.3,67.81,0,6.33,80
2019-07-19,29.12,33.6,25.6,69.56,0,5.54,63
2019-07-20,29.27,33.9,25.4,73.03,0,5.58,90
2019-07-21,28.03,33.21,23.93,79.46,4.38,4.97,66
2019-07-22,28.03,33.21,23.93,79.46,4.38,4.97,90
2019-07-23,28.03,33.21,23.93,79.46,4.38,4.97,100
2019-07-24,28.03,33.21,23.93,79.46,4.38,4.97,98
2019-07-25,29.02,32.7,26.4,70.07,0,5.78,92
2019-07-26,29,33.8,23.9,70.78,0,6.1,62
2019-07-27,29.02,33.8,25.1,74.09,0,6.65,63
2019-07-28,28.95,33.6,24.9,76.51,0,6.59,52
2019-07-29,29.59,34.3,25.7,72.92,0,6.62,97
2019-07-30,29.2,33.7,25.4,74.23,0,6.42,108
2019-07-31,29.18,33,25.8,68.29,0,7.21,87
2019-08-01,29.12,33.8,24.2,67.19,0,6.63,112
2019-08-02,29.19,34,25,68.79,0,6.36,49
2019-08-03,29.38,33.9,26.1,71.42,0,6.15,84
2019-08-04,28.97,33.2,26.1,74.41,0,6.13,64
2019-08-05,28.98,32.9,26.1,74.25,0,6.14,43
2019-08-06,28.84,33.2,25.3,76.32,0,5.81,103
2019-08-07,28.74,33.5,24.8,75.78,0,6.17,93
2019-08-08,28.82,32.8,25.4,73.08,0,6.29,71
2019-08-09,28.88,33.3,25.9,74.97,0,6.51,62
2019-08-10,29.01,33,26.8,75.89,0,7.09,63
2019-08-11,29.13,34.1,21,75.54,0,6.63,45
2019-08-12,29.46,34.1,22.3,73.44,0,7.21,54
2019-08-13,29.37,34.5,22.2,76.23,0,6.56,80
2019-08-14,29.17,34.2,21,76.65,0,6.17,86
2019-08-15,28.83,36,21,75.21,0,6.66,92
2019-08-16,29.57,34.2,21,69.4,0,7.39,61
2019-08-17,28.94,33.3,22.3,75.49,2,7.34,75
2019-08-18,29.36,34.9,23.2,69.72,0,7.61,56
2019-08-19,29.2,35,25,68.38,0,6.54,74
2019-08-20,29.4,34.4,26.9,72.23,0,8.19,82
2019-08-21,29.52,34.2,27,72.25,0,7.53,74
2019-08-22,29.42,34.5,25.7,74.26,0,7.09,85
2019-08-23,29.47,35,26.7,70.18,0,7.66,32
2019-08-24,29.3,34.3,26.2,70.04,0,7.12,49
2019-08-25,28.57,33.3,25.1,75.12,0,6.34,30
2019-08-26,28,34,23.1,78.58,8,6.04,82
2019-08-27,27.12,32.3,23.7,81.5,2,6.03,82
2019-08-28,26.93,29,23.7,81.75,0,6.17,56
2019-08-29,28.79,33.6,25,76.55,0,6.96,55
2019-08-30,28.31,32.2,21.7,74.82,8,4.97,43
2019-08-31,28.84,33.6,25,67.71,0,7.84,40
2019-09-01,29.16,34,23.7,70.99,0,6.61,20
2019-09-02,29.45,34.4,25.4,74.47,0,7.54,52
2019-09-03,29.45,34,26.3,74.99,0,7.12,75
2019-09-04,28.63,33.7,22.3,74.69,10,6.18,55
2019-09-05,29.17,34.5,24,73.59,0,8.04,58
2019-09-06,29.26,34.7,25.5,72.86,0,7.05,25
2019-09-07,29.24,34.3,26.2,71.55,0,8.4,25
2019-09-08,29.18,34.2,24.8,70.78,0,7.19,29
2019-09-09,29.32,33.9,26.1,72.93,0,7.02,60
2019-09-10,29.18,34.3,26.7,74.61,0,7.88,52
2019-09-11,29.32,34.5,24.9,71.2,0,7.17,48
2019-09-12,29.08,34.8,24.5,73.65,0,6.99,40
2019-09-13,29.13,33.8,24.7,74.56,0,5.96,41
2019-09-14,28.26,30.8,24.9,78.74,0,6.05,33
2019-09-15,28.68,32.9,24.9,72.86,0,6.44,31
2019-09-16,28.83,33.3,24.1,69.54,0,6.05,52
2019-09-17,29.13,33.6,25.2,72.86,0,6.15,45
2019-09-18,29.17,33.8,26.8,74.4,0,7.54,56
2019-09-19,29.17,33.8,26.2,71.79,0,7.31,44
2019-09-20,28.88,34,26.1,73.84,0,6.71,32
2019-09-21,29.14,35.1,25.5,68.58,0,7.37,23
2019-09-22,29.18,35.5,25.5,70.31,0,7.39,22
2019-09-23,28.6,33.2,25.3,75.67,0,6.82,55
2019-09-24,29.03,34.9,24.7,74.01,0,6.13,49
2019-09-25,26.58,31.8,22.9,87.13,24,4.46,48
2019-09-26,28.13,34.3,24,76.05,0,5.22,27
2019-09-27,28.57,34.4,24.6,75.79,2,5.73,30
2019-09-28,28.45,34.9,23.4,76.52,0,3.91,19
2019-09-29,27.56,34,21.1,80.08,12,4.34,19
2019-09-30,26.68,32,21.1,83.79,14,4.33,37
2019-10-01,27.45,32.9,22.5,80.37,0,4.51,40
2019-10-02,26.67,33.5,21.4,81.3,2,4.45,39
2019-10-03,27.2,32.5,21.3,77.39,0,4.48,53
2019-10-04,27.78,32.9,22.2,77.56,6,5,15
2019-10-05,28.13,35.8,23.2,74.13,2,5.36,19
2019-10-06,28.08,34.5,22.5,71.69,0,5.05,14
2019-10-07,26.92,33.4,22.8,82.97,10,4.17,38
2019-10-08,27.45,33.2,22.5,81.42,2,5.12,40
2019-10-09,27.74,32.7,22.7,79.23,4,5.53,43
2019-10-10,27.92,34.1,23,77.93,2,5.73,35
2019-10-11,28.73,35.2,22.4,74.59,0,6.12,23
2019-10-12,28.32,34.2,21.5,78.08,2,5.87,24
2019-10-13,28.31,35.7,22.8,77.69,2,6.61,20
2019-10-14,28.89,36,23.2,73.25,0,5.78,44
2019-10-15,28.53,34.8,22.8,75.18,2,5.03,37
2019-10-16,28.78,34.4,24,77.41,4,5.84,37
2019-10-17,27.94,34.8,23.1,81.88,4,4.44,38
2019-10-18,27.78,32.6,23.8,80.24,2,4.06,30
2019-10-19,28.58,34.4,24.1,76.37,0,4.69,32
2019-10-20,28.53,34.9,23.8,78.61,0,4.76,16
2019-10-21,28.1,33.6,23.7,80.92,8,4.34,35
2019-10-22,26.08,30.4,22.7,89.42,18,4.18,47
2019-10-23,27.19,34.1,22.9,82.54,4,3.68,51
2019-10-24,28.13,34.5,23.5,78.59,0,3.81,25
2019-10-25,28.58,34.9,23.4,76.43,4,4.26,19
2019-10-26,26.99,33.5,23.1,83.79,8,3.31,28
2019-10-27,27.18,34.9,22.9,79.77,14,4.04,27
2019-10-28,26.83,32,23.1,83.96,2,3.92,36
2019-10-29,28.59,33.8,23.6,75.15,0,3.67,55
2019-10-30,28.14,33.6,23.7,76.97,2,3.91,64
2019-10-31,28.12,32.7,23.3,76.68,0,3.63,46
2019-11-01,28.05,33.5,22.9,74.06,4,4.81,29
2019-11-02,29.17,34.3,22.6,70.45,2,3.77,33
2019-11-03,27.72,33.2,22.9,76.56,4,4.15,26
2019-11-04,28.54,34.2,23.4,75.37,2,3.3,56
2019-11-05,28.1,32.5,23,80.59,6,3.46,57
2019-11-06,29.18,34.3,24.3,75.53,0,4.11,50
2019-11-07,27.67,31.5,25.2,86.32,0,4.03,61
2019-11-08,28.03,33.21,23.93,79.46,4.38,4.84,17
2019-11-09,28.03,33.21,23.93,79.46,4.38,3.94,33
2019-11-10,28.03,33.21,23.93,79.46,4.38,4.4,27
2019-11-11,28.03,33.21,23.93,79.46,4.38,4.11,59
2019-11-12,28.03,33.21,23.93,79.46,4.38,3.58,73
2019-11-13,29.85,34.2,24.3,71.29,4,3.81,70
2019-11-14,27.7,31.8,24.6,81.22,0,4.63,61
2019-11-15,27.31,31.9,24,81.29,2,4.05,31
2019-11-16,27.96,34.5,22.8,78.55,2,3.97,41
2019-11-17,29.02,36,22.8,71.2,0,4.23,31
2019-11-18,28.39,36,23.4,76.13,4,4.03,45
2019-11-19,27.74,34.2,24.3,80.88,2,4.17,57
2019-11-20,26.43,31.7,23.4,86.9,10,4.04,44
2019-11-21,26.59,31.3,24,85.06,0,4.48,78
2019-11-22,26.74,33.5,23.9,83.68,2,4.22,35
2019-11-23,26.6,32.5,23.5,86.01,8,4.61,24
2019-11-24,26.52,34.3,23.3,85.31,8,3.83,21
2019-11-25,27.56,35,22.9,80.83,6,3.84,63
2019-11-26,28.39,33.9,24.5,76.92,0,5.39,42
2019-11-27,27.76,33.8,23.4,82.47,2,4.25,46
2019-11-28,27.8,33.4,24,83.39,8,4.13,52
2019-11-29,26.63,33.5,23.2,89.25,34,3.85,29
2019-11-30,27.44,34.5,24,86.15,6,3.91,28
2019-12-01,28.06,34.9,24.2,82.63,6,3.98,23
2019-12-02,26.44,32.3,21.4,86.34,30,4.29,70
2019-12-03,27.51,31.3,24.7,77.93,0,6.22,27
2019-12-04,28.09,32.6,24.7,72.68,0,6.86,41
2019-12-05,27.61,31.7,24.2,75.41,0,5.79,45
2019-12-06,27.99,33.2,24.3,72.67,0,6.98,30
2019-12-07,27.73,31.1,25.3,73.84,0,7.04,30
2019-12-08,26.61,29.6,24.6,84.07,0,5.12,25
2019-12-09,24.9,28.4,23.1,91.21,22,5.84,45
2019-12-10,25.59,28.9,23,89.15,8,4.06,50
2019-12-11,24.21,26.6,22,94.07,24,5.03,37
2019-12-12,27.17,32.6,22.9,75.47,0,6.93,33
2019-12-13,25.26,29.9,22.7,86.79,26,4.75,17
2019-12-14,24.27,27.1,22.8,95.72,22,3.81,37
2019-12-15,24.21,26.5,22.6,96.04,24,3.88,19
2019-12-16,25.94,31.7,22.1,84.95,2,4.55,45
2019-12-17,25.42,29.7,23.5,92.85,8,3.33,47
2019-12-18,26.03,32.2,21,89.92,12,4.23,30
2019-12-19,26.73,32.2,21,84.73,0,4.69,31
2019-12-20,27.23,31.6,23.6,83.62,0,5.61,17
2019-12-21,26.72,31.2,24,87.06,8,5.49,23
2019-12-22,26.9,31.1,23.2,82.35,0,5.61,19
2019-12-23,27.24,33.3,23.1,82.18,8,5.05,55
2019-12-24,27.36,32.9,23.6,81.6,2,6.22,59
2019-12-25,27.38,33.3,23.4,79.85,2,5.35,18
2019-12-26,27.4,32.2,23.7,75.81,0,5.66,58
2019-12-27,27.81,33.7,24.2,73.8,0,6.27,39
2019-12-28,27.44,32.4,23.5,76.81,0,6.49,37
2019-12-29,27.78,33.1,24.1,77.63,0,6.47,17
2019-12-30,28.07,33.4,24.1,74.76,0,6.23,54
2019-12-31,28.02,33.5,24.3,75.05,0,6.44,67
2020-01-01,27.98,32.6,24.3,75.13,0,6.87,15
2020-01-02,27.66,31.5,24,79.92,0,6.41,52
2020-01-03,27.92,33,24.7,79.07,0,6.71,31
2020-01-04,27.39,32.1,24.3,80.05,2,6.55,52
2020-01-05,28.01,33.5,24.1,74.67,0,7.01,28
2020-01-06,26.67,32.8,23.1,80.19,6,6.32,69
2020-01-07,26.4,31.6,23,82.63,2,6.43,67
2020-01-08,27.7,32.4,24.6,78.6,0,6.65,42
2020-01-09,27.91,32.9,25.1,77.91,0,6.79,46
2020-01-10,27.09,31.7,23.5,81.75,2,5.34,29
2020-01-11,27.78,32,24.3,77.67,0,5,47
2020-01-12,27.59,34,22.8,77.91,6,5.02,36
2020-01-13,27.52,32.8,23.8,75.68,0,6.05,60
2020-01-14,27.69,33.2,23.9,75.05,0,6.46,70
2020-01-15,27.73,32.4,24.5,76.39,0,6.21,62
2020-01-16,27.69,32.6,25.1,78.66,4,5.73,54
2020-01-17,28.11,34,24.2,74.55,0,6.2,41
2020-01-18,27.78,34.7,24.7,80.26,4,5.85,46
2020-01-19,28.27,34,25,78.2,0,6.53,31
2020-01-20,28.01,33.3,24.5,79.78,2,6.66,66
2020-01-21,26.32,28.8,23.5,89.12,14,6.21,46
2020-01-22,28.13,33.1,24.8,77.37,0,7.16,62
2020-01-23,28.11,34.2,24.5,77.9,0,6.53,48
2020-01-24,28.03,33.2,24.4,72.96,0,6.98,12
2020-01-25,28.05,33.9,23.8,71.65,0,6.12,18
2020-01-26,28.32,35.4,24.2,74.78,0,5.61,43
2020-01-27,27.81,34,23.8,81.31,14,4.99,38
2020-01-28,28.32,34.1,24.5,79.71,4,5.32,71
2020-01-29,26.39,32,22.9,88.47,48,4.58,47
2020-01-30,27.24,33.8,23,77.67,0,5.4,52
2020-01-31,28.28,33.5,25.1,72.67,0,6.69,39
2020-02-01,28.23,32.7,25.2,76.19,0,7.11,43
2020-02-02,27.74,32.1,24.9,76.7,0,7.67,34
2020-02-03,27.97,33.4,24.1,71.49,0,6.87,67
2020-02-04,27.58,32.8,23.3,71.16,0,6.29,74
2020-02-05,27.84,34.2,22.9,72.43,0,6.36,64
2020-02-06,28.16,33.7,24.8,72.92,0,7.05,51
2020-02-07,28.02,33.1,25.1,71.35,0,7.34,28
2020-02-08,27.71,33,23.2,68.97,0,5.73,51
2020-02-09,26.36,31.3,22.9,84,8,5.09,33
2020-02-10,26.6,33.2,22.8,84.53,10,4.91,62
2020-02-11,26.73,31,23.2,88.62,28,4.66,79
2020-02-12,27.72,33.1,24.2,82.62,2,5.16,50
2020-02-13,28.26,33.8,25.4,79.43,2,6.35,59
2020-02-14,28.32,33.7,24.8,77.39,0,6.02,24
2020-02-15,28.38,36,23.8,76.16,0,4.79,42
2020-02-16,28.03,35.5,23.3,78.22,4,4.72,32
2020-02-17,28.62,35,24.3,71.9,0,6.16,78
2020-02-18,27.12,32,23.8,79.49,0,6.15,58
2020-02-19,28.15,33.4,24.9,74.64,0,7.47,66
2020-02-20,28.02,33.3,24.9,74.8,0,7.89,58
2020-02-21,27.03,31,23.6,83.53,8,7.11,28
2020-02-22,27.98,32.7,24.5,75.17,2,8.05,33
2020-02-23,28.04,32.8,24.9,74.29,0,8.37,39
2020-02-24,27.23,31.8,24.7,80.95,2,7.44,65
2020-02-25,28.21,33.2,24.5,73.33,0,7.14,60
2020-02-26,28.43,34.7,24.6,72.97,0,7.19,59
2020-02-27,28.51,34.4,24.5,73.28,0,6.99,48
2020-02-28,28.39,33.6,25.2,74.93,0,7.36,50
2020-02-29,28.33,34.6,23.9,71.55,0,7.38,53
2020-03-01,28.35,35.3,23.6,70.93,0,6.78,39
2020-03-02,28.46,33.9,23.6,71.48,0,6.44,66
2020-03-03,28.6,34.1,24.6,74.16,0,6.84,64
2020-03-04,28.56,34.5,23.5,76.35,4,6.07,58
2020-03-05,27.64,31.4,24.1,83.12,8,5.27,36
2020-03-06,28.03,32.6,24.4,80.2,0,4.74,38
2020-03-07,27.9,35,23.2,83,12,4.86,41
2020-03-08,28.05,34.3,24,82.04,4,4.36,33
2020-03-09,28.57,36,24.1,79.35,0,3.85,90
2020-03-10,29.13,36,24.8,76.92,0,4.5,52
2020-03-11,28.96,36,23.8,78.06,2,4.96,86
2020-03-12,28.92,34.5,24.6,74.56,0,5.97,47
2020-03-13,29.32,36,24.5,72.91,0,5.21,18
2020-03-14,29.22,35.6,25.8,75.47,0,5.39,36
2020-03-15,29.35,34.8,25.6,74.45,0,5.98,28
2020-03-16,28.99,33.8,25.8,75.05,0,6.43,65
2020-03-17,28.94,34.4,24.5,68.91,0,6.42,64
2020-03-18,28.36,34,24.3,75.25,4,6.14,58
2020-03-19,28.46,34,24,71.84,0,5.27,52
2020-03-20,28.29,34.1,24.2,74.07,0,5.26,31
2020-03-21,27.93,34.1,24.1,79.91,8,4.93,47
2020-03-22,27.6,34.7,22,84.3,14,4.4,40
2020-03-23,26.58,31.2,23.5,89.35,18,3.84,68
2020-03-24,28.23,34.6,23.7,78.27,0,5.3,61
2020-03-25,28.44,34.2,24.3,79.02,4,4.76,57
2020-03-26,29.08,34.2,24.8,76.18,0,5.51,62
2020-03-27,28.56,36,23.8,79.97,8,5.01,15
2020-03-28,28.97,35.3,24.3,77.03,2,4.86,45
2020-03-29,29.18,35.8,25.1,72.13,0,5.88,22
2020-03-30,29.11,35.8,24.2,71.77,0,5.08,42
2020-03-31,29.52,36,25.3,69.99,0,5.26,59
2020-04-01,29.29,36,24.6,75.18,2,4.81,56
2020-04-02,28.67,36,23.6,79.72,12,4.71,41
2020-04-03,28.2,33.6,23.7,80.94,18,4.63,60
2020-04-04,29.27,35,25,76.47,0,4.95,38
2020-04-05,28.53,35.8,23.3,80.86,4,4.51,36
2020-04-06,27.9,33.1,22.8,84.43,8,3.87,74
2020-04-07,27.32,34.5,21.6,82.12,26,4.11,55
2020-04-08,28.23,35.5,22.3,81.23,6,4.37,47
2020-04-09,28.84,35.9,23.3,75.56,0,5.02,37
2020-04-10,28.92,35.8,22.8,71.59,0,4.9,40
2020-04-11,28.8,34.6,25.1,77.08,0,5.11,43
2020-04-12,28.9,35,25.1,79.15,4,4.86,38
2020-04-13,28.44,35,22.4,83.48,14,4.64,63
2020-04-14,29.32,34.9,25.8,72.96,0,5.84,54
2020-04-15,29.52,34.5,24.9,71.78,0,5.32,45
2020-04-16,29.57,35.2,25.2,72.1,0,4.97,36
2020-04-17,29.52,35.3,24.9,73.33,0,4.97,23
2020-04-18,29.39,35.5,24.7,73.23,0,5.28,46
2020-04-19,30.21,36,25,69.85,0,5.4,30
2020-04-20,30.2,36,25.6,72.43,0,5.75,83
2020-04-21,29.05,35,23.3,79.47,10,4.46,59
2020-04-22,29.71,36,25.8,76.15,0,5.14,65
2020-04-23,28.54,34.5,23.8,81.31,4,4.13,52
2020-04-24,27.5,35.2,23.3,83.52,16,3.95,54
2020-04-25,27.4,33,24.1,87.01,6,3.79,59
2020-04-26,27.49,33.7,24.6,86.39,2,3.99,24
2020-04-27,27.36,31,24.2,84.75,8,4.42,83
2020-04-28,28.52,33.3,24.5,77.96,2,4.29,72
2020-04-29,28.8,34.6,23,78.03,12,4.54,70
2020-04-30,27.62,34.1,24.3,88.12,30,4.36,30
2020-05-01,26.85,32,23.9,89.72,8,4.52,38
2020-05-02,28.47,33.1,24.9,81.97,0,4.28,45
2020-05-03,28.81,34.1,24.8,80.33,4,4.28,44
2020-05-04,27.88,31.8,24,87.31,6,4.19,92
2020-05-05,28.54,35.3,23.8,79.75,2,4.29,71
2020-05-06,28.41,32.5,23.6,84.34,6,4.45,84
2020-05-07,29.88,35.5,25.1,76.9,0,4.03,30
2020-05-08,29.09,33.9,23.7,77.43,20,5.05,33
2020-05-09,30.45,35.2,26.5,72.54,0,4.77,94
2020-05-10,29.5,33.8,24.6,82.1,6,5.54,36
2020-05-11,28.99,33.9,24.6,83.91,6,4.81,98
2020-05-12,29.95,35.1,25.9,79.03,0,5.13,103
2020-05-13,28.13,31.7,23.8,81.44,6,4.78,74
2020-05-14,29,35.3,24.5,78.84,2,4.37,75
2020-05-15,29.79,34.7,25.2,77.5,0,4.75,27
2020-05-16,29.96,35.2,26.5,78.07,2,4.65,61
2020-05-17,28.68,33.8,23.9,83.74,24,4.48,40
2020-05-18,29.12,34.6,25.1,79.13,0,4.29,104
2020-05-19,30.1,34.9,26.3,79.18,2,4.16,99
2020-05-20,28.52,33.4,23.2,81.54,8,4.4,77
2020-05-21,29.06,35.9,24,79.75,4,3.8,91
2020-05-22,27.93,34.8,22.8,84.91,26,3.63,57
2020-05-23,27.58,32,24.1,84.43,4,3.32,93
2020-05-24,29.13,34.2,25.3,78.6,0,4.11,64
2020-05-25,29.65,35,25.6,78.43,0,4.08,65
2020-05-26,29.41,35.2,24.8,78.95,6,3.65,151
2020-05-27,28.01,32.2,23.8,84.69,10,3.58,133
2020-05-28,29.21,34.7,23.4,81.14,8,4.52,128
2020-05-29,28.54,33.9,22.3,82.77,4,4.03,105
2020-05-30,28.21,34.7,23.8,83.98,2,3.96,92
2020-05-31,28.6,34,23,80.26,0,4.42,63
2020-06-01,26.75,30.8,22.1,86.94,10,4.36,142
2020-06-02,28.65,35.6,22.5,79.47,2,4.13,160
2020-06-03,28.89,33.7,23.5,80.18,2,4.4,132
2020-06-04,28.3,34.1,22.9,81.43,16,4.67,128
2020-06-05,27.84,32.1,22.4,82.45,8,5.5,64
2020-06-06,27.22,29.9,22.6,85.4,4,4,104
2020-06-07,29.38,34.3,24,76.98,0,4.24,120
2020-06-08,28.41,32.2,24.9,83.38,0,4.34,108
2020-06-09,28.03,33.21,23.93,79.46,4.38,5.17,217
2020-06-10,28.03,33.21,23.93,79.46,4.38,5.64,179
2020-06-11,29.51,32.8,26.7,77.85,2,4.32,170
2020-06-12,28.61,32.4,24.6,82.52,6,4.19,147
2020-06-13,25.96,29,22.6,88.79,18,4.24,198
2020-06-14,27.91,33.4,22.7,83.96,6,4.23,97
2020-06-15,29.4,33.6,23.9,78.68,2,4.77,187
2020-06-16,28.01,32,24.4,85.21,4,4.07,249
2020-06-17,26.79,30.6,23.8,88.79,18,3.62,221
2020-06-18,27.56,31.9,23.9,82.95,2,3.69,219
2020-06-19,27.91,32.7,23.8,83.52,2,4.32,108
2020-06-20,26.4,29.2,23.7,90.8,22,3.96,209
2020-06-21,26.43,28.7,23.2,90.02,12,3.87,101
2020-06-22,27.06,30.1,23.2,87.59,10,4.31,281
2020-06-23,26.37,29.3,22.5,89.95,44,4.79,180
2020-06-24,26.66,28.6,23.4,86.62,14,5.19,234
2020-06-25,28.18,32.6,23.2,78.18,0,4.83,220
2020-06-26,28.67,33,23.7,79,0,4.71,122
2020-06-27,28.95,32.7,24.9,80.69,2,5.57,198
2020-06-28,29.02,33.7,23.2,78.5,2,5.33,106
2020-06-29,29.2,33.7,25.6,77.4,2,5.34,211
2020-06-30,29.24,34.4,24.3,76.2,0,5.58,284
2020-07-01,28.15,32.2,22,82.38,0,4.36,229
2020-07-02,29.33,32.1,26.9,75.76,0,4.97,203
2020-07-03,29.44,33.6,25.7,75.7,0,4.95,173
2020-07-04,28.52,33.6,21.4,79.15,8,4.91,252
2020-07-05,27.62,33.9,22.4,82.47,6,4.3,112
2020-07-06,28.47,33.5,23.2,79.32,4,5.04,355
2020-07-07,27.44,32.3,23.4,83.67,4,4.97,237
2020-07-08,27.15,31.5,23.3,84.25,4,4.97,339
2020-07-09,25.77,28.4,22.7,88.87,16,5.05,122
2020-07-10,27.42,32.2,22.3,78.69,0,4.17,180
2020-07-11,27.55,31.6,23.4,82.84,2,4.14,257
2020-07-12,28.19,32.6,23.6,80.89,4,4.47,138
2020-07-13,25.88,30.5,22.9,88.99,22,4.67,334
2020-07-14,26.84,30.5,22.7,83.37,0,4.41,288
2020-07-15,27.49,32.2,23.4,84.21,2,4.31,279
2020-07-16,28.17,34.7,22.6,81.23,4,4.3,226
2020-07-17,28.85,34,23.3,77.49,0,4.28,156
2020-07-18,28.02,33.4,24.1,81.12,0,4.15,222
2020-07-19,28.49,33.5,23.5,77.62,0,4.38,135
2020-07-20,29.15,35.1,24.2,76.53,0,5.09,286
2020-07-21,29.05,34.6,24.1,76.69,0,4.69,324
2020-07-22,27.76,32,22.2,82.84,14,3.7,361
2020-07-23,27.62,31.5,22.7,81.36,4,4.02,180
2020-07-24,27.47,32.4,23,83.88,8,4.26,289
2020-07-25,26.99,32.1,23.2,85.92,6,4.23,221
2020-07-26,27.49,32.7,23.1,83.71,4,4.75,111
2020-07-27,26.64,31.1,22.4,87.71,20,4.38,207
2020-07-28,27.94,33,23.3,80.99,0,4.38,313
2020-07-29,26.15,29.6,23.3,89.4,6,3.87,207
2020-07-30,28.2,33.4,23.8,81.59,0,4.43,155
2020-07-31,28.11,31.7,23,79.93,0,4.77,170
2020-08-01,28.24,32.3,23.1,78.91,0,4.68,186
2020-08-02,28.83,33.3,24,75.95,0,4.82,99
2020-08-03,29.29,33.8,24.8,73.62,0,4.97,336
2020-08-04,27.68,30.6,23,79.53,0,4.68,230
2020-08-05,28.77,33.4,24.2,78.75,0,4.59,277
2020-08-06,29.23,34,25.2,79.14,0,4.12,199
2020-08-07,29.52,34.9,24.7,78.21,0,4.69,155
2020-08-08,29.8,34.8,26.2,76.07,0,4.66,243
2020-08-09,29.85,35.4,25.6,78.57,0,4.49,107
2020-08-10,29.91,35,26.8,77.11,0,5.08,124
2020-08-11,29.82,34.6,27.1,78.12,0,4.66,293
2020-08-12,27.72,32.5,21.6,81.24,4,4.28,217
2020-08-13,28.38,33.4,22.5,74.25,26,4.1,233
2020-08-14,25.96,29.3,22.1,87.84,26,3.85,200
2020-08-15,27.59,33.2,23.4,83.46,4,3.59,205
2020-08-16,27.84,32.3,22.7,80.69,0,4.08,107
2020-08-17,27.19,32.7,22.7,84.32,18,3.7,263
2020-08-18,27.13,30.7,23.6,83.85,2,4.04,169
2020-08-19,27.94,33.2,23,80.99,2,3.82,232
2020-08-20,28.08,33.2,23.8,82.59,2,4.63,154
2020-08-21,29.44,34.3,25.9,74.11,0,5.4,135
2020-08-22,27.74,33.4,22,81.38,8,4.44,123
2020-08-23,25.55,29.3,22.4,91.22,10,3.7,101
2020-08-24,28.11,34.4,22.7,80.32,0,4.73,210
2020-08-25,27.8,32.2,24.2,80.75,0,4.43,190
2020-08-26,27.15,32.5,23.6,79.89,4,4.93,193
2020-08-27,27.85,31.9,22.9,78.13,0,4.46,183
2020-08-28,28.77,33.2,23.2,71.74,2,4.72,94
2020-08-29,27.24,32.4,24.3,84.65,6,4.05,127
2020-08-30,28.62,34,23.9,77.79,2,4.58,72
2020-08-31,29.06,33.7,24.6,76.04,0,4.86,217
2020-09-01,28.57,33.5,24.2,79.82,4,4.5,160
2020-09-02,28.52,33.3,24.5,79.74,2,4.36,140
2020-09-03,26.94,31.4,23.3,87.31,10,3.58,127
2020-09-04,27.39,32.3,23.8,84.92,4,4.25,76
2020-09-05,25.48,28.3,23,89.19,22,4.21,102
2020-09-06,26.55,32.3,22.8,86.17,10,4.05,51
2020-09-07,28.15,33.6,23.2,79.17,0,4.83,155
2020-09-08,28.19,33.2,23.8,80.4,2,4.73,155
2020-09-09,28.24,33.5,24.4,80.33,2,3.9,99
2020-09-10,27.18,32,22.9,83.62,12,4.32,110
2020-09-11,27.57,32.7,22.8,79.02,12,4.53,54
2020-09-12,26.05,31.6,22.4,87.2,12,3.85,60
2020-09-13,24.81,28.3,22,90.43,20,3.89,44
2020-09-14,25.57,29.8,22.1,89.68,8,3.8,142
2020-09-15,27.61,32.3,22.9,82.67,0,3.97,124
2020-09-16,26.63,31.3,21,80.22,12,4.75,89
2020-09-17,28.07,34.1,23,78.69,0,4.54,102
2020-09-18,28.82,35,23.7,75.68,0,4.96,80
2020-09-19,28.33,35,22.5,75.24,8,4.78,72
2020-09-20,28.77,33,24.9,78.98,0,4.37,35
2020-09-21,26.3,30.8,23.3,88.67,4,4.29,151
2020-09-22,27.61,33.3,23.6,81.98,0,4.43,111
2020-09-23,28.77,34.6,23.8,77.6,0,3.93,86
2020-09-24,28.34,33.3,23.9,78.56,4,4.74,80
2020-09-25,28.8,34.6,22.5,75.43,16,4.12,41
2020-09-26,25.93,29.3,22.3,86.55,28,4.87,53
2020-09-27,26.48,30,22.3,83.96,4,4.74,48
2020-09-28,28.46,33.5,24.9,78.59,0,4.4,107
2020-09-29,27.42,31.1,22.9,84.77,4,4.17,123
2020-09-30,27.95,34.5,24.5,84.23,6,4.18,102
2020-10-01,26.69,31.1,23.6,89,8,3.44,78
2020-10-02,27.79,33,22.7,82.17,8,4.22,58
2020-10-03,27.56,33.2,22.6,77.03,4,5.66,59
2020-10-04,28.62,31.7,25,73.95,0,3.88,33
2020-10-05,29.03,34.8,25.6,75.32,0,3.55,104
2020-10-06,28.66,33.8,25.6,78.62,0,4.29,87
2020-10-07,28.16,33.3,23.8,78.56,4,4.99,90
2020-10-08,27.08,33.2,23.4,84.75,12,5.33,66
2020-10-09,27.97,31,25.6,78.82,0,4.42,47
2020-10-10,27.59,30.2,23.1,82.3,8,4.23,74
2020-10-11,27.6,31.9,22.9,79.4,4,5.29,48
2020-10-12,28.38,31.5,25.7,76.84,0,6.19,98
2020-10-13,29.08,32.7,25,71.02,0,4.27,114
2020-10-14,28.83,32.8,23.2,77.57,4,4.38,99
2020-10-15,28.49,33.2,23.8,76.11,4,4.92,67
2020-10-16,29.1,34.2,23.8,72.32,0,4.62,60
2020-10-17,29.74,34.8,25.8,75.79,0,4.21,72
2020-10-18,28.29,33.6,22.5,81.98,2,4.18,53
2020-10-19,28.79,34.3,24.4,74.74,0,4.26,97
2020-10-20,27.9,31.2,23.5,83.81,2,3.5,116
2020-10-21,28.83,34.6,24.1,76.72,2,4.97,77
2020-10-22,27.11,31.6,22.9,81.98,8,5.48,81
2020-10-23,28.76,33.1,25.9,78.18,0,4.08,43
2020-10-24,27.92,31.7,24.2,83.35,2,3.36,74
2020-10-25,28.25,33.7,22.2,75.58,4,4.67,33
2020-10-26,27.4,30,23.2,83.09,6,3.69,91
2020-10-27,29.45,34.4,25,74.26,0,4.47,75
2020-10-28,27.89,29.8,23.1,85.48,8,3.31,74
2020-10-29,28.44,33.3,25.5,81.77,0,4.4,69
2020-10-30,28.68,34.1,24.8,78.78,0,3.95,38
2020-10-31,27.45,34.8,22.6,84.75,22,3.92,37
2020-11-01,27.86,33.4,24.1,80.37,0,4.85,25
2020-11-02,27.22,33.9,22.5,82.79,18,4.13,83
2020-11-03,27.57,31.7,24.4,86.62,2,3.37,73
2020-11-04,25.55,28.5,22.9,90.72,24,3.42,61
2020-11-05,28.06,34.9,23.9,76.87,0,3.67,54
2020-11-06,28.98,34.1,25.2,76.31,0,3.59,44
2020-11-07,25.97,29.5,23,92,22,3.63,47
2020-11-08,26.4,30.2,23.4,89.12,6,3.68,29
2020-11-09,26.91,31.3,24,87.17,2,3.79,79
2020-11-10,27.15,31.3,23.5,85.56,6,3.27,40
2020-11-11,28.66,33.2,24,78.22,0,3.96,71
2020-11-12,29.59,35.6,25.7,74.45,2,5.29,38
2020-11-13,29.13,34.5,25.1,77.77,2,4.81,45
2020-11-14,28.07,33.3,23.5,82.99,4,4.15,26
2020-11-15,27.22,33.1,22.8,87.2,24,4.71,22
2020-11-16,27.82,33.3,24.3,79.92,4,5.36,61
2020-11-17,27.19,33.7,23.5,84.78,8,3.95,43
2020-11-18,28.34,33.9,24.3,78.22,0,3.71,33
2020-11-19,27.52,32.3,24.1,84.7,6,3.42,34
2020-11-20,27.45,34.6,23.6,85.14,4,3.53,29
2020-11-21,26.6,33.6,23.4,87.99,18,3.91,22
2020-11-22,26.19,33.8,22.8,88.24,30,3.82,21
2020-11-23,25.84,30.7,23,90.74,16,3.66,55
2020-11-24,25.95,29.9,23.8,89.35,0,3.57,50
2020-11-25,26.55,31.5,23.5,86.95,2,4.05,48
2020-11-26,26.22,28.3,24.2,90.36,2,3.57,29
2020-11-27,27.44,32.6,24.6,86.17,0,4.01,20
2020-11-28,28.69,34.3,24.7,75.55,0,4.16,0
2020-11-29,27.34,31.9,23.4,83.67,8,4.51,0
2020-11-30,26.86,32.6,22.7,81.61,12,4.66,0
2020-12-01,28.8,33.5,24.5,76.32,0,4.68,0
2020-12-02,28.79,33.1,25.3,73.27,0,5.04,0
2020-12-03,28.55,32.9,23.5,76.88,6,4.54,0
2020-12-04,28.58,32.1,24.6,78.65,0,4.73,0
2020-12-05,28.62,32.3,24.2,80.55,2,4.52,0
2020-12-06,26.88,29.5,22.6,84.66,6,4.73,0
2020-12-07,28.21,32.6,25.4,76.68,0,3.73,0
2020-12-08,29.15,34.4,25.2,76.72,0,4.4,0
2020-12-09,29.03,33.3,26.4,78.3,0,5.38,0
2020-12-10,28.39,31.8,21.9,78.41,2,4.86,0
2020-12-11,27.36,31.5,21.1,81.04,12,4.57,0
2020-12-12,28.85,33,24.7,76.52,0,4.8,0
2020-12-13,28.99,32.5,26.4,77.39,0,5.46,0
2020-12-14,29.08,32.8,26.7,78.8,0,5.45,0
2020-12-15,28.29,32.6,23.2,81.35,10,4.81,0
2020-12-16,28.95,33,24.8,79.03,4,4.21,0
2020-12-17,28.47,32.3,24.6,77.01,2,3.74,0
2020-12-18,28.72,33,25.1,80.19,2,4.12,0
2020-12-19,29.47,34.6,25.4,77.47,0,4.79,0
2020-12-20,29.52,34.8,26.3,76.82,0,5.39,0
2020-12-21,27.4,31,23.2,82.01,8,4.08,0
2020-12-22,28.49,34.4,23.5,76.06,0,4.32,0
2020-12-23,29.29,33.7,25.8,72.34,0,4.81,0
2020-12-24,29.58,34.1,26.7,72.74,0,4.78,0
2020-12-25,29.03,34,24.7,76.94,0,4.21,0
2020-12-26,26.89,30.3,23.1,85.87,8,4.26,0
2020-12-27,27.67,33.2,24.9,81.77,0,3.56,0
2020-12-28,26.47,29.2,24.2,86.34,0,3.8,0
2020-12-29,27.9,32.9,24.7,76.03,0,4.7,0
2020-12-30,28.68,33,24.8,76.83,0,4.97,0
2020-12-31,28.25,33,24.2,80,4,4.83,0
2021-01-01,28.11,31.6,24.7,80.13,2,4.59,0
2021-01-02,28.5,32.7,25.1,79.13,0,4.75,0
2021-01-03,28.34,31.5,24.4,80.14,0,4.94,0
2021-01-04,27.02,30.9,21,81.69,2,4.24,0
2021-01-05,28.51,32.9,25,80.2,0,4.15,0
2021-01-06,29.16,33.3,25.1,76.29,0,4.52,0
2021-01-07,29.12,34.5,25.5,77.56,0,4.6,0
2021-01-08,29.33,33.8,25.3,74.94,0,4.59,0
2021-01-09,29.61,34.3,26.9,76.18,0,5.2,0
2021-01-10,29.61,35,26.8,75.34,0,5.72,0
2021-01-11,29.61,34.2,27.1,74.16,0,6.03,0
2021-01-12,29.4,34,25.9,74.61,0,5.21,0
2021-01-13,28.35,32.2,22.5,78.88,4,5.04,0
2021-01-14,29.02,33.9,25,74.93,0,5.66,0
2021-01-15,29.25,33.5,25.7,73.21,0,6.3,0
2021-01-16,29.38,34,26.5,71.63,2,5.36,0
2021-01-17,29.28,34.2,25.2,75.49,0,5.14,0
2021-01-18,27.34,30.3,23.8,86,20,3.43,0
2021-01-19,28.67,33.6,24,74.54,0,4.03,0
2021-01-20,27.05,31.8,21.9,85.09,10,3.59,0
2021-01-21,27.67,33,23.8,77.93,0,4.35,0
2021-01-22,29.1,34.6,24.4,71.1,0,4.53,0
2021-01-23,29.28,35,24.5,76.05,0,5.3,0
2021-01-24,28.29,32.8,24.1,79.33,2,4.04,0
2021-01-25,28.09,32.2,24.5,77.41,0,4.34,0
2021-01-26,28.48,33.6,24.3,75.44,0,4.5,0
2021-01-27,27.59,33.6,23,79.91,10,4.57,0
2021-01-28,27.48,33.4,23.2,79.14,2,3.59,0
2021-01-29,26.95,30.1,21.4,83.85,4,3.33,0
2021-01-30,27.68,31.7,23.5,78.66,0,4.67,0
2021-01-31,26.38,28.7,22,83.74,6,3.53,0
2021-02-01,27.21,31.5,23.2,80.02,0,3.66,0
2021-02-02,28.27,33,24.1,75.71,0,3.85,0
2021-02-03,26.74,30.5,23.3,88.19,18,3.22,0
2021-02-04,26.63,30.8,21.5,86.18,22,3.69,0
2021-02-05,27.38,31.6,23.3,82.05,6,3.97,0
2021-02-06,27.2,32.1,23.4,80.73,4,4.18,0
2021-02-07,26.56,30.6,24.1,84.86,2,3.6,0
2021-02-08,27.6,32,22.6,80.05,0,4.97,0
2021-02-09,28.98,33.8,24.4,69.61,0,4.11,0
2021-02-10,29.01,33.5,24.6,72.64,0,4.97,0
2021-02-11,28.68,32.3,25.9,72.69,0,4.39,0
2021-02-12,28.51,31.8,25.7,71.45,0,4.93,0
2021-02-13,28.9,33.6,25.1,69.49,0,5.23,0
2021-02-14,27.75,32.4,22.7,78.22,4,3.88,0
2021-02-15,26.75,33.3,22.4,82.4,22,3.69,0
2021-02-16,26.46,32.7,21.4,84.34,8,3.81,0
2021-02-17,26.04,32.1,22,79.46,10,3.47,0
2021-02-18,27.25,33,23,82.32,4,3.4,0
2021-02-19,28.77,34.6,23.6,74.05,0,3.45,0
2021-02-20,29.16,34.5,24.3,74.31,0,3.75,0
2021-02-21,29.24,34.7,25,73.02,0,3.96,0
2021-02-22,28.62,34.3,23,77.71,2,3.99,0
2021-02-23,29.21,34.6,24.8,75.34,0,3.86,0
2021-02-24,29.5,34.8,25.5,72.71,0,4.34,0
2021-02-25,29.4,36,25.1,72.22,0,4.47,0
2021-02-26,29.36,34.3,25.6,73.6,0,4.78,0
2021-02-27,29.48,34.6,25.5,73.3,0,4.56,0
2021-02-28,29.57,35.2,25.1,72.01,0,3.83,0
2021-03-01,29.53,34.4,25.9,73.57,0,3.51,0
2021-03-02,29.81,35.7,26.8,73.01,0,4.97,0
2021-03-03,29.83,35.6,25.6,70.72,0,4.3,0
2021-03-04,28.1,34.3,23.3,81.76,6,3.74,0
2021-03-05,27.47,32.5,23.6,82.83,4,3.23,0
2021-03-06,26.92,33.2,23.3,85.78,12,4.97,0
2021-03-07,26.4,31.7,23.3,87.36,18,2.71,0
2021-03-08,26.34,33.2,23.4,87.18,22,3.04,0
2021-03-09,26.65,34,22.9,86.01,18,3.24,0
2021-03-10,26.61,32.5,22.5,86.23,8,3.92,0
2021-03-11,26.67,29.8,22.7,86.75,6,2.86,0
2021-03-12,25.59,27.5,23.3,93.01,8,3.15,0
2021-03-13,28.12,34.4,24.3,77.94,0,3.25,0
2021-03-14,27.55,34.6,24.2,81.52,4,3.17,0
2021-03-15,27.49,32.4,23.6,82.1,2,3.15,0
2021-03-16,26.7,30.5,21.9,80.58,6,4.1,0
2021-03-17,28.05,33.5,23.1,77.05,6,3.79,0
2021-03-18,28.93,34,24.7,75.32,0,3.55,0
2021-03-19,28.83,35,24.5,77.49,0,3.39,0
2021-03-20,28.62,35.4,22.9,75.6,2,3.82,0
2021-03-21,27.46,34.8,21.9,81.62,14,3.15,0
2021-03-22,27.57,33.8,24.3,80.83,2,3.83,0
2021-03-23,27.37,32.1,23.3,83.21,6,2.73,0
2021-03-24,28.28,34.3,24,79.66,6,4.97,0
2021-03-25,27.68,33.3,24.2,83.93,4,2.92,0
2021-03-26,27.23,33.2,23.9,85.03,8,2.62,0
2021-03-27,27.48,34.9,23.6,84.05,6,3.02,0
2021-03-28,27.46,35.4,23.8,85.46,10,3.14,0
2021-03-29,27.47,32.9,24.1,81.52,0,3.72,0
2021-03-30,26.49,30.7,24.2,86.91,2,3.47,0
2021-03-31,26.9,32.7,23.8,82.63,4,3.28,0
2021-04-01,27.14,31.9,23.7,85.14,8,2.89,0
2021-04-02,27.3,34.5,23.6,86.25,8,3.27,0
2021-04-03,27.45,34.1,24.6,85.53,2,3.05,0
2021-04-04,27.29,33.4,23.6,83.13,2,3.63,0
2021-04-05,28.12,34.1,23.5,78.1,10,3.35,0
2021-04-06,28.07,34.5,23.4,77.97,14,3.85,0
2021-04-07,27,29.7,23.7,87.3,8,4.97,0
2021-04-08,27.52,34.1,23.5,84.39,12,2.95,0
2021-04-09,26.61,32.5,22.7,88.52,22,2.77,0
2021-04-10,27.59,33.5,24.1,82.09,8,3.02,0
2021-04-11,27.51,32.8,23.9,82.18,0,2.95,0
2021-04-12,27.58,31.6,23.7,79.71,18,4.97,0
2021-04-13,26.31,31.9,22.9,89.56,10,3.26,0
2021-04-14,27.95,33.3,24.2,82.18,0,4.97,0
2021-04-15,27.46,32.2,21.4,82.32,12,3.08,0
2021-04-16,27.39,32.2,22.4,82.71,4,6.55,0
2021-04-17,28.56,32.4,25.9,76.69,0,10.47,0
2021-04-18,28.93,33.1,24.7,71.81,0,8.46,0
2021-04-19,28.71,32.5,24.6,76.98,0,7.77,0
2021-04-20,27.98,34.4,23.7,80.65,8,3.82,0
2021-04-21,28.68,34,24.5,78.09,0,4.78,0
2021-04-22,27.82,34.1,24.2,83.62,8,3.78,0
2021-04-23,27.58,34.3,22.6,84.89,24,4.24,0
2021-04-24,27.09,33.2,24.4,86,4,3.55,0
2021-04-25,27.88,34.5,24.6,84.87,4,3.62,0
2021-04-26,27.38,33.7,22.9,86.48,14,3.55,0
2021-04-27,28.27,33,24,78.67,2,4.11,0
2021-04-28,29.77,35,25.1,70.46,0,4.07,0
2021-04-29,28.81,34.4,24,81.2,4,3.75,0
2021-04-30,26.75,33.2,22.1,87.3,14,3.23,0
2021-05-01,27.75,34.8,22,82.23,2,3.6,0
2021-05-02,29.46,34.9,24.3,78.45,0,4.67,0
2021-05-03,29.2,34.3,24.5,79.72,2,4.51,0
2021-05-04,27.04,30.8,23.9,89.17,12,3,0
2021-05-05,27.86,34.8,22.4,82.93,4,3.24,0
2021-05-06,28.05,35.2,22.5,82.24,12,3.45,0
2021-05-07,28.86,35.1,24.4,78.64,6,3.71,0
2021-05-08,28.38,33.1,24.8,82.11,2,3.81,0
2021-05-09,29.25,34.8,25,78.72,0,4.2,0
2021-05-10,29.47,34.4,24.9,76.25,0,4.16,0
2021-05-11,29.96,35.1,25.7,72.11,0,4.94,0
2021-05-12,30.29,36.1,27,72.24,0,5.62,0
2021-05-13,29.41,35.2,25.8,75.44,0,4.97,0
2021-05-14,29.39,34.6,24.6,76.35,4,4.97,0
2021-05-15,29.48,35.2,25.3,74.74,2,4.71,0
2021-05-16,28.3,32.2,23,82.47,10,4.04,0
2021-05-17,28.84,34.4,24.8,78.79,2,3.94,0
2021-05-18,28.43,34.1,24.4,82.07,8,3.31,0
2021-05-19,27.3,34.7,22.7,85.43,10,3.58,0
2021-05-20,28.5,34,24.4,81.83,2,3.21,0
2021-05-21,27.91,34.7,22.7,83.75,14,3.68,0
2021-05-22,27.6,34.8,24.2,85.35,8,2.93,0
2021-05-23,26.97,31.6,23.2,89.62,6,2.5,0
2021-05-24,28.4,33.4,24.7,81.62,0,2.87,0
2021-05-25,28.64,34,25.2,81.1,0,3.48,0
2021-05-26,27.47,31.5,23.2,85.05,12,3.45,0
2021-05-27,28.61,35.4,23.2,75.76,0,4.56,0
2021-05-28,28.9,35.3,24.9,77.7,4,3.47,0
2021-05-29,27.59,34.2,23.6,87.06,24,3.44,0
2021-05-30,27.62,32.4,23.8,85.36,2,3.78,0
2021-05-31,27.61,31.6,24,86.81,8,3.8,0
2021-06-01,28.06,34,23.8,83.58,4,3.14,0
2021-06-02,27.8,32.6,24.2,83.98,4,3.25,0
2021-06-03,27.77,31.6,23.4,83.51,2,3.08,0
2021-06-04,27.87,32.2,22.9,81.1,20,3.23,0
2021-06-05,27.12,32.3,21.9,84.5,28,3.14,0
2021-06-06,28.89,33.9,24.9,79.19,0,2.99,0
2021-06-07,29.52,34.3,23,73.67,2,3.6,0
2021-06-08,29.74,34.7,25.1,77.21,0,4.97,0
2021-06-09,30.11,35,25.7,77.64,0,4.43,0
2021-06-10,30.24,35,26.6,76.96,0,4.56,0
2021-06-11,29.02,33.5,22.4,76.43,8,4.19,0
2021-06-12,29.39,33.8,25,77.39,0,3.78,0
2021-06-13,29.69,32.8,26.4,77.62,0,5.01,0
2021-06-14,30.08,34.2,26.4,73.89,0,5.12,0
2021-06-15,29.7,33.3,26.6,76.1,0,4.29,0
2021-06-16,28.56,33.2,24.1,81.19,6,3.84,0
2021-06-17,28.7,33.6,24.1,81.24,2,3.38,0
2021-06-18,26.97,29.6,21.7,86.99,10,3.5,0
2021-06-19,29.14,34,25.1,80.11,0,4.22,0
2021-06-20,29.55,33.9,25.8,77.9,0,4.17,0
2021-06-21,28.33,31.8,22.8,83.27,8,3.62,0
2021-06-22,27.65,31,22.8,80.38,6,5.03,0
2021-06-23,26.78,31,22.2,87.04,14,3.32,0
2021-06-24,27.9,33.6,24.7,84.59,0,3.5,0
2021-06-25,29.15,32.9,25,82.24,2,4.23,0
2021-06-26,27.14,31.7,24.2,86.03,6,3.77,0
2021-06-27,26.74,31.3,23.3,84.83,2,4.68,0
2021-06-28,26.58,30.4,22,82.59,10,4.12,0
2021-06-29,26.69,29.1,21.9,83.64,16,2.74,0
2021-06-30,25.8,28.5,22.4,87.78,12,3.62,0
2021-07-01,27.71,32.6,23.9,79.69,2,3.72,0
2021-07-02,25.99,28.3,22,88.35,26,3.39,0
2021-07-03,27.91,31.7,23.9,79.21,0,4.35,0
2021-07-04,26.68,30.8,21.6,87.13,6,3.64,0
2021-07-05,27.3,32,24.3,85.12,0,3.25,0
2021-07-06,27.35,31.3,21.2,83.65,8,3.59,0
2021-07-07,28.4,33.3,23.7,76.76,0,3.63,0
