date,mean_temp,max_temp,min_temp,humidity,mean_rain_fall,mean_wind
16/12/2016,28.69,34.3,24.7,75.55,0,4.16
17/12/2016,27.34,31.9,23.4,83.67,8,4.51
18/12/2016,26.86,32.6,22.7,81.61,12,4.66
19/12/2016,28.08,33.4,24.2,77.74,2,5.63
20/12/2016,28.25,34.1,24.4,73.51,0,6.48
21/12/2016,28.66,34.9,24.4,71.77,0,5.53
22/12/2016,26.94,33.4,22.7,83.33,16,4.08
23/12/2016,27.2,32.5,22.8,83.13,18,3.97
24/12/2016,26.79,33.6,23.2,84.95,24,4.72
25/12/2016,26.97,33.8,23,82.93,10,5.03
26/12/2016,26.91,31.9,23.7,80.91,0,5.31
27/12/2016,26.44,30.9,23.9,82.6,4,5.23
28/12/2016,25.77,28.7,23.1,84.09,2,5.27
29/12/2016,27.67,32.5,23.9,74.54,0,4.71
30/12/2016,27.13,35,23.9,78.16,4,5.36
31/12/2016,26.92,31.1,23.9,81.75,0,4.14
1/1/2017,27.17,32.4,23.8,84.79,10,4.82
2/1/2017,26.54,31.4,24,88.48,8,3.69
3/1/2017,26.77,31.4,24.1,85.7,2,4.06
4/1/2017,27.11,31.8,23.3,79.48,2,4.75
5/1/2017,28.01,33.7,23,72.92,2,4.29
6/1/2017,28.68,34.5,24.9,75.67,0,3.97
7/1/2017,29.48,35.2,25.1,71.86,0,4.04
8/1/2017,29.5,35.6,25,72.67,0,4.18
9/1/2017,28.97,35.5,25.4,77.31,0,5.08
10/1/2017,28.46,34.3,24.5,78.98,6,5
11/1/2017,27.66,33.9,21.5,80.42,8,4.68
12/1/2017,28.25,33.4,24.1,73.91,0,4.23
13/1/2017,28.07,34,24.1,77.94,0,4.28
14/1/2017,28.1,32.4,23.9,76.8,0,4.11
15/1/2017,28.16,33.7,24.3,77.06,0,4.42
16/1/2017,28.01,33,23.6,75.17,0,4.78
17/1/2017,28.05,34.2,24,75.73,0,3.93
18/1/2017,26.96,34,22.1,79.57,14,4.41
19/1/2017,26.88,34.3,22.5,81.79,20,3.91
20/1/2017,26.48,31.4,23.1,84.29,2,4.45
21/1/2017,26.82,32,22.7,84.35,16,4.58
22/1/2017,26.75,31.4,23.6,83.4,10,5.71
23/1/2017,25.23,28.4,23.2,92.45,48,4.11
24/1/2017,24.23,25.9,22.9,93.67,10,4.52
25/1/2017,26.01,30.4,22.4,82.18,4,4.64
26/1/2017,27.29,32.3,23.4,80.19,2,4.99
27/1/2017,27.53,32,24.3,79.08,0,6.81
28/1/2017,26.4,30.3,23.5,80.94,2,5.57
29/1/2017,26.66,29.4,23.5,80.73,0,4.91
30/1/2017,26.3,30.3,23.4,85.01,4,4.8
31/1/2017,27.21,31.6,24.5,77.97,0,5.5
1/2/2017,27.36,32.3,23.5,75.71,0,4.87
2/2/2017,27.36,32.5,24,78.05,2,3.99
3/2/2017,27.65,34.7,23.4,78.48,10,4.88
4/2/2017,27.16,33.4,23.7,82.64,8,4.28
5/2/2017,27.58,33.9,23.3,79.73,2,4.77
6/2/2017,27.97,34.8,24.2,77.88,0,5.03
7/2/2017,26.63,31.5,23.2,83.77,8,4.55
8/2/2017,26.75,32.9,23.4,81.7,20,4.15
9/2/2017,27.73,32.6,23.2,71.35,0,4.49
10/2/2017,27.92,33.9,23.6,72.28,0,6.41
11/2/2017,27.57,32.6,24.3,73.77,0,7.74
12/2/2017,26.47,30.8,23.5,81.61,2,7.22
13/2/2017,26.68,30.7,23.5,81.81,2,7.3
14/2/2017,26.83,31.3,23.3,79.83,2,8.19
15/2/2017,25.82,30.7,22.5,82.34,6,6.67
16/2/2017,26.86,30.8,23.6,76.92,0,6.75
17/2/2017,27.42,32.7,23.6,75.39,0,6.29
18/2/2017,27.2,32.6,24.4,80.71,0,6.48
19/2/2017,27.84,32.9,24.7,78.1,0,6.44
20/2/2017,27.77,33,24,78.33,0,5.73
21/2/2017,27.37,33.1,23,81.07,6,4.62
22/2/2017,27.75,33.4,24.2,79.42,0,4.47
23/2/2017,27.15,33.2,23.1,81.12,8,3.8
24/2/2017,25.21,29.8,23.3,91.2,14,4.11
25/2/2017,26.84,34,23.1,82.16,4,3.95
26/2/2017,27.49,33.2,24.5,81.31,2,4.84
27/2/2017,27.55,32.1,23.9,79.15,0,5.68
28/2/2017,26.99,31.6,24.1,84.4,8,5.92
1/3/2017,25.29,28.8,22.9,88.85,20,4.63
2/3/2017,27.05,32.1,23.7,81.02,0,6.04
3/3/2017,26.39,30.4,22.7,86.23,12,5.61
4/3/2017,25.72,29,23.4,90.46,4,3.68
5/3/2017,27.1,32.4,23.7,81.83,4,4.85
6/3/2017,27.05,33.9,23.7,81.74,8,4.57
7/3/2017,27.26,33.6,23.4,79.18,2,4.17
8/3/2017,27.55,33.2,24.1,77.16,0,5.79
9/3/2017,27.48,33.1,23.7,74.83,0,6.27
10/3/2017,27.45,32.8,23.6,76.28,0,5.59
11/3/2017,27.65,33.4,23.6,78.18,6,4.94
12/3/2017,26.88,31.8,23.1,81.17,8,3.48
13/3/2017,28.12,35.4,24.2,79.79,2,4.09
14/3/2017,27.07,30.9,23.7,82.75,2,4.64
15/3/2017,28.85,36.1,24.1,71.97,0,3.85
16/3/2017,28.44,35.1,23.4,77,2,5.09
17/3/2017,27.33,33.8,24.1,81.29,6,3.58
18/3/2017,28.13,34.6,23.6,77.52,4,3.96
19/3/2017,28.29,34.5,23.9,76.84,2,3.75
20/3/2017,26.95,30.3,23.7,82.42,6,4.02
21/3/2017,28.24,35.2,23.8,74.92,2,4.47
22/3/2017,27.87,34.1,23.2,79.45,6,4.51
23/3/2017,28.85,35.5,24.4,75.46,0,4.74
24/3/2017,28.47,33.4,24.8,76.09,0,4.5
25/3/2017,27.95,34.4,23.5,79.32,12,3.99
26/3/2017,28.94,35.3,24.8,76.84,0,4.49
27/3/2017,28.86,33.6,24.4,77.25,0,4.29
28/3/2017,27.03,30,23.7,85.86,2,3.67
29/3/2017,27.21,33.7,22.1,83.04,6,3.22
30/3/2017,25.99,31.2,23.3,87.27,8,3.55
31/3/2017,27.41,33.4,23.9,82.8,4,3.04
1/4/2017,27.02,32.5,23.7,85.36,4,3.35
2/4/2017,27.61,33.3,23.8,81.22,0,4.54
3/4/2017,27.56,31.9,23.3,82.49,6,3.93
4/4/2017,28.41,34.4,23.3,77.56,4,4.89
5/4/2017,28.86,33.9,23,73.64,0,5.66
6/4/2017,29.04,34.6,25,74.96,2,4.17
7/4/2017,28.07,34.9,22.3,77.87,12,4.53
8/4/2017,27.16,30.3,23.8,83.89,2,3.23
9/4/2017,28.01,34.7,24.5,81.25,2,3.2
10/4/2017,27.67,32.8,24,84.79,2,3.45
11/4/2017,28.9,34.1,25.1,78.25,2,4.05
12/4/2017,28.22,32.9,23.1,82.28,10,3.51
13/4/2017,27.17,31,23.3,86.52,8,3.55
14/4/2017,27.47,33.1,23.8,84.96,10,3.39
15/4/2017,27.95,33.7,23.8,80.57,6,3.9
16/4/2017,28.35,34.5,24.3,79.42,2,3.2
17/4/2017,28.77,34.8,22.7,79.09,8,3.72
18/4/2017,27.13,35.2,22.3,85.61,22,3.21
19/4/2017,27.98,35.4,23.3,78.33,0,3
20/4/2017,27.97,33.6,24.1,82.66,6,3.19
21/4/2017,27.78,33,22.9,82.19,18,4.34
22/4/2017,28.39,31.8,24.7,80.45,4,4.06
23/4/2017,28.46,32.8,25.1,82.89,2,3.41
24/4/2017,27.68,33.2,23.7,86.13,8,3.37
25/4/2017,27.16,34.1,23.4,88.28,6,3.8
26/4/2017,27.42,31.8,24.3,84.97,0,5.3
27/4/2017,27.89,34.6,23.4,83.01,18,6.89
28/4/2017,27.68,32.9,22.8,80.68,10,5.94
29/4/2017,28.02,31.3,24.4,83,0,4.4
30/4/2017,28.83,34.9,24.9,79.19,2,5.4
1/5/2017,29.07,33.7,25.3,78.4,0,4.74
2/5/2017,28.08,31.6,24.6,82.98,6,4.58
3/5/2017,29.08,33.4,25.3,78.61,0,5.09
4/5/2017,28.74,32.8,23.5,81.23,6,4.86
5/5/2017,28.51,32.6,24.1,81.34,2,5.1
6/5/2017,28.4,33.6,23.5,80.01,4,5.11
7/5/2017,28.08,32.8,23.7,81.57,4,5.21
8/5/2017,28.58,33.4,24.8,78.65,0,6.13
9/5/2017,29.39,33.8,24.9,78.46,2,6.45
10/5/2017,27.37,30.7,23.9,88.48,6,4.49
11/5/2017,28.19,32.6,24.3,80.1,0,6.39
12/5/2017,28.38,32,24.7,82.38,10,5.75
13/5/2017,28.71,33.2,24.6,82.23,2,4.89
14/5/2017,29.27,33.2,24.6,80.31,0,6.01
15/5/2017,28.31,32.7,24.8,86.37,8,5.91
16/5/2017,28.92,33.4,25.2,80.84,2,6.62
17/5/2017,30.01,34.8,26,77.67,0,7.38
18/5/2017,29.55,34,25.1,80.14,2,7.44
19/5/2017,29.38,33.1,25.8,78.93,0,6.39
20/5/2017,29.74,34.1,26.6,77.99,0,5.98
21/5/2017,28.36,33.5,24.1,84.7,10,5.98
22/5/2017,28.34,32.9,22.2,84.14,18,6.49
23/5/2017,29.71,34,26.8,77.53,0,6.93
24/5/2017,26.74,30.3,23.2,90.76,26,5.61
25/5/2017,28.29,33.3,24.9,84.98,0,5.31
26/5/2017,27.41,33.2,23.4,89.32,14,6.24
27/5/2017,28.26,34,24.7,87.08,0,4.37
28/5/2017,29.02,32.8,25.9,82.63,0,6.06
29/5/2017,29.35,33.8,25.3,81.05,0,6.57
30/5/2017,26.84,30.7,22.9,87.61,18,5.49
31/5/2017,28.65,35.9,23,76.26,30,6.81
1/6/2017,28.08,33,23.9,78.27,4,5.95
2/6/2017,29.31,33.7,25.7,75.98,0,6.05
3/6/2017,29.94,34.6,26.2,74.77,0,6.67
4/6/2017,30.22,34.5,26.8,76.83,0,7.16
5/6/2017,30.16,34.2,26.5,77.77,0,6.38
6/6/2017,29.87,34.1,26.3,77.28,0,6.24
7/6/2017,29.89,35.4,25.7,76.06,0,6.24
8/6/2017,29.68,34.9,25.4,78.41,2,6.64
9/6/2017,30.03,34.4,26.1,75.86,0,6.84
10/6/2017,28.97,34.5,23.4,79.91,8,6.58
11/6/2017,28.28,32.9,24.4,80.04,0,6.38
12/6/2017,29.54,34,26.4,73.67,0,5.83
13/6/2017,29.52,34.7,25.1,77.98,0,6.39
14/6/2017,27.93,32.8,23.2,78.06,16,6.05
15/6/2017,29.21,35.7,25.6,75.44,0,4.96
16/6/2017,28.66,34.3,24.7,79.62,4,5.13
17/6/2017,29.31,35.2,25.4,76.04,0,5.52
18/6/2017,27.27,31.5,23,86.22,22,6.99
19/6/2017,28.16,32.2,24.1,78.87,0,7.04
20/6/2017,29.21,33.7,24.6,73.98,0,4.91
21/6/2017,28.69,32.4,23,80.88,4,5.29
22/6/2017,29.04,32.3,25.5,80.03,0,4.96
23/6/2017,27.03,30.5,22.2,83.18,6,7.02
24/6/2017,28.57,32.8,24.3,73.14,0,5.21
25/6/2017,27.57,30.9,23.5,83.63,10,4.49
26/6/2017,28.08,33.8,23.7,79.43,2,5.14
27/6/2017,26.58,29.2,24.1,84.9,2,4.03
28/6/2017,27.55,33.5,22.9,83.48,10,4.38
29/6/2017,27.4,31.4,23.2,83.9,4,5.11
30/6/2017,28.7,33.8,24.2,76.16,0,6.37
1/7/2017,29.46,34,25.5,74.04,0,6.39
2/7/2017,28.82,34.2,24.7,79.78,0,5.38
3/7/2017,27.24,30.7,23.7,83.36,2,6.96
4/7/2017,28.48,32.9,23.7,76.72,0,5.86
5/7/2017,27.45,33.1,23,84.73,20,5.19
6/7/2017,28.06,32.2,24.4,80.05,0,6.65
7/7/2017,28.83,32.5,24.2,73.2,0,6.84
8/7/2017,28.23,33.1,23.9,78.92,4,6.26
9/7/2017,27.83,31.3,24.4,82.81,0,6.64
10/7/2017,29.13,33.9,24.4,73.53,4.38,5.34
11/7/2017,27.9,31,23.7,79.94,8,6.64
12/7/2017,26.39,29.1,22.3,87.31,4.38,6.69
13/7/2017,27.56,32.2,23.5,82.96,4.38,5.91
14/7/2017,26.35,29.4,22.7,89.3,28,4.53
15/7/2017,27.39,32.2,22.4,82.71,4,6.55
16/7/2017,28.56,32.4,25.9,76.69,0,10.47
17/7/2017,28.93,33.1,24.7,71.81,0,8.46
18/7/2017,28.71,32.5,24.6,76.98,0,7.77
19/7/2017,28.57,32.7,24.9,76.41,0,6.72
20/7/2017,28.6,32.6,25,79.89,0,6.19
21/7/2017,28.82,34.1,25.6,80.98,0,6.33
22/7/2017,29.59,34.2,26.5,75.2,0,7.44
23/7/2017,29.41,34.4,25.5,77.18,0,7.14
24/7/2017,29.28,33.2,25.7,76.17,0,8
25/7/2017,29.33,34,25.7,75.99,0,8.16
26/7/2017,28.68,31.4,24.4,79.62,2,7.82
27/7/2017,29.25,33.3,25,73.52,0,8.42
28/7/2017,29.57,33.8,26.5,73.66,0,7.34
29/7/2017,29.43,33.7,26,76.58,0,7.26
30/7/2017,29.47,34.5,26.1,78.26,0,7.39
31/7/2017,29.53,33.7,25.6,77.02,0,7.39
1/8/2017,29.45,33.6,24.9,78.14,2,7.33
2/8/2017,29.47,33.3,26.5,71.84,0,9.78
3/8/2017,29.34,33.4,25.8,68.61,0,9.13
4/8/2017,29.39,33.6,26.2,71.29,0,8.67
5/8/2017,29.58,34.1,26.9,74.98,0,8.99
6/8/2017,29.09,34.4,25.5,77.17,6,7.64
7/8/2017,28.56,31.7,25.3,80.56,2,6.65
8/8/2017,27.62,31.4,24.5,83.61,4,5.69
9/8/2017,27.56,31.8,23.9,79.53,0,7.67
10/8/2017,28.81,33.8,24.6,75.85,0,5.84
11/8/2017,27.08,31.9,22.7,85.75,20,5.01
12/8/2017,26.57,30.5,22.8,85.05,10,5.22
13/8/2017,27.04,30.3,24.4,84.89,2,5.85
14/8/2017,28.17,32.5,24.6,77.14,0,6.39
15/8/2017,26.69,30.9,21.7,82.11,10,5.28
16/8/2017,28.2,33.4,24.2,76.8,0,5.62
17/8/2017,27.3,33.5,22.7,83.1,26,6.19
18/8/2017,27.57,33.1,24,83.31,4,5.3
19/8/2017,28.44,34.4,24.2,80.59,2,6.74
20/8/2017,28.96,33.4,25.3,79.04,0,6.89
21/8/2017,28.85,33.9,24.9,80.19,2,6.6
22/8/2017,27.48,30.4,24.4,79.59,2,7.8
23/8/2017,28.94,33.3,25.1,75.42,0,
24/8/2017,28.73,33.2,25.6,,2,6.69
25/8/2017,28.4,32.3,24.5,79.43,0,6.7
26/8/2017,28.9,33.6,25.7,76.62,0,6.72
27/8/2017,27.79,32.7,24,81.97,4,6.68
28/8/2017,28.3,32.3,24.3,79.06,0,5.71
29/8/2017,26.96,30.4,23.3,84.26,0,5.29
30/8/2017,27.98,33.6,24.6,80.16,0,4.91
31/8/2017,28.94,33.7,24.7,75.62,0,6.76
1/9/2017,29.11,34,25.7,76.62,0,7.31
2/9/2017,29.18,34.3,25.2,75.17,0,6.87
3/9/2017,29.15,33.9,26.8,74.94,0,8.47
4/9/2017,,,,76.91,0,5.82
5/9/2017,28.83,32.8,24.5,77.88,4,6.61
6/9/2017,27.07,30,23.8,83.39,12,4.96
7/9/2017,28.09,33,23.6,79.94,2,5.16
8/9/2017,27.49,34.3,23.5,82.97,10,5.41
9/9/2017,27.98,33.1,23.8,80.13,2,4.42
10/9/2017,27.88,32.4,24.5,82.92,2,4.6
11/9/2017,26.72,31.5,22.9,85.66,10,4.95
12/9/2017,,,,77.16,0,5.14
13/9/2017,29.28,34.4,24.8,73.98,0,6.22
14/9/2017,28.36,33.1,23.6,78.5,4,5.34
15/9/2017,27.56,31.2,23.4,84.33,10,4.69
16/9/2017,27.34,31.6,21.9,79.32,10,6.18
17/9/2017,28.62,35.1,23.6,77.26,4,7.06
18/9/2017,26.88,33.4,22.1,84.59,16,4.64
19/9/2017,26.6,31.7,23.6,85.99,6,4.5
20/9/2017,27.2,31.6,23.8,82.6,6,6.79
21/9/2017,26.96,31.7,23.1,76.53,4,5.52
22/9/2017,28.58,33.5,24.2,75.36,2,5.28
23/9/2017,28.81,33.2,23.7,76.43,2,6.28
24/9/2017,,,,76.02,6,5.93
25/9/2017,28.85,33.7,24.1,75.11,0,5.27
26/9/2017,27.66,34.6,23,82.51,10,4.59
27/9/2017,,,,80.52,0,4.58
28/9/2017,28.27,33.3,24.1,78.21,2,4.12
29/9/2017,27.46,31.8,22.7,80.91,14,5.18
30/9/2017,27.81,31.5,24.5,79.16,0,6.42
1/10/2017,27.2,31.3,24.6,86.89,6,4.57
2/10/2017,27.82,33.7,24.1,79.91,0,
3/10/2017,27.56,32.9,24.3,85.41,6,4.38
4/10/2017,26.05,29.3,22.6,86.72,6,5.04
5/10/2017,27.5,33.4,23.6,80.22,4,5
6/10/2017,28.08,34.5,23.4,80.22,10,
7/10/2017,27.67,34.3,22.8,81.84,10,4.76
8/10/2017,27.33,33.5,24,84.78,12,4.79
9/10/2017,28.22,33.8,23.2,78.39,12,6.25
10/10/2017,27.91,33.3,23.4,80.41,8,6.28
11/10/2017,28.23,33.4,22.8,77.93,6,
12/10/2017,27.15,30.5,22.9,85.69,18,5.2
13/10/2017,27.2,31.7,23.6,80.99,2,5.96
14/10/2017,29.24,33.6,24.8,71.47,0,5.93
15/10/2017,29.81,35,24.6,72.07,0,4.99
16/10/2017,28.76,34,23.9,75.9,0,6.07
17/10/2017,29.96,35.8,25.6,68.14,0,5.33
18/10/2017,30.2,35.8,25.8,71.34,0,5.52
19/10/2017,29.95,34.7,25.7,70.02,0,5.36
20/10/2017,29.93,35.1,25.2,69.14,0,5.42
21/10/2017,29.73,35.4,24.7,,2,5.37
22/10/2017,28.76,33.3,24.6,77.9,0,5.58
23/10/2017,28.57,32.1,22.9,79.07,2,
24/10/2017,28.04,32.7,23.9,,4,4.24
25/10/2017,28.3,35.3,23.5,77.44,2,5.04
26/10/2017,28.32,34,24,79.83,2,5.32
27/10/2017,27.84,32,24.2,80,2,4.73
28/10/2017,28.77,34.6,24,72.45,0,
29/10/2017,27.27,32.9,23.7,80.87,4,4.69
30/10/2017,26.91,30.4,23.9,85.5,18,4.9
31/10/2017,26.44,30.8,23,87.69,2,4.8
1/11/2017,27.67,33.7,23.8,,0,4.59
2/11/2017,27.95,32.5,24.1,79.96,0,4.84
3/11/2017,28.06,33.1,22.9,79.81,12,6.07
4/11/2017,27.4,33.1,23.4,83.15,6,5.53
5/11/2017,28.14,33.2,24.1,,2,5.49
6/11/2017,26.77,35.1,19.1,85.69,34,4.63
7/11/2017,26.98,31.4,23,86.86,4,4.38
8/11/2017,,,,83.31,4,7.26
9/11/2017,,,,85.16,20,5.66
10/11/2017,26.24,33.1,22.8,86.13,14,4.75
11/11/2017,26.12,31.7,23.7,90.08,10,4.41
12/11/2017,27.41,32,23.8,83.51,4,
13/11/2017,27.82,34.1,24.1,83.41,4,5.52
14/11/2017,26.05,28.9,22.7,90.12,38,
15/11/2017,,,,81.19,0,5.19
16/11/2017,28.21,34.3,24.5,82.4,4,5.09
17/11/2017,,,,86.01,6,6.21
18/11/2017,,,,83.43,8,4.87
19/11/2017,28.31,33.3,24.4,80.61,0,
20/11/2017,27.79,32.1,23.8,83.77,4,5.69
21/11/2017,26.37,29.4,22.3,89.94,6,4.46
22/11/2017,27.59,34.7,22.6,82.46,8,4.94
23/11/2017,,,,,8,
24/11/2017,26.62,30.8,23.5,86.55,4,6.05
25/11/2017,27.45,32.9,24.1,83.55,12,
26/11/2017,26.96,32,23.6,87.22,2,
27/11/2017,26.17,28,24.5,88.64,2,
28/11/2017,27.08,32.1,24.2,83.02,2,
29/11/2017,27.33,31.4,24.2,83.89,4,
30/11/2017,28.05,32.5,24.2,,0,
1/12/2017,28.69,35.4,24.6,75.37,0,
2/12/2017,,,,77.62,0,
3/12/2017,28.85,33.2,25.4,80.01,0,
4/12/2017,28.1,33.6,24.5,84.71,2,
5/12/2017,28.74,35.1,24.8,80.54,2,
6/12/2017,28.4,34.4,24.1,77.38,2,
7/12/2017,27.47,36.9,23.4,83.4,4,
8/12/2017,27.43,31.8,24,77.4,0,
9/12/2017,26.34,28.9,24,83.19,0,
10/12/2017,,,,78.36,16,
11/12/2017,27.39,33.8,23.8,,16,
12/12/2017,,,,88.12,12,
13/12/2017,26.71,33.1,22.6,83.7,14,
14/12/2017,27.63,34.3,23.3,80.26,2,
15/12/2017,,,,83.97,14,5.43
16/12/2017,,,,81.31,2,5.84
17/12/2017,27.77,33.1,23.7,,0,8.23
18/12/2017,27.86,32.3,25.2,72.53,0,9.04
19/12/2017,,,,78.54,2,
20/12/2017,,,,76.67,0,
21/12/2017,27.79,32.6,24.3,70.93,0,
22/12/2017,27.88,33.5,23.4,73.75,16,
23/12/2017,27.52,33.2,23,79.5,4,6.76
24/12/2017,26.66,29.6,24.4,82.12,0,6.85
25/12/2017,27.33,32.3,23.3,78.99,12,
26/12/2017,,,,78.85,4,
27/12/2017,,,,80.72,4,5.18
28/12/2017,,,,81.48,6,5.88
29/12/2017,,,,80.81,2,7.54
30/12/2017,26.84,30.7,24.4,86.18,8,7.11
31/12/2017,25.03,26.8,23.3,93,46,
1/1/2018,24.94,27.4,22.7,89.52,30,4.9
2/1/2018,25.5,28,23.2,89.14,6,5.2
3/1/2018,26.8,33.2,23.5,83.52,10,4.95
4/1/2018,26.59,30.2,23.7,84.82,0,5.67
5/1/2018,26.15,29.4,23.5,86.6,6,3.63
6/1/2018,27.05,32.4,23.5,82.52,0,4.31
7/1/2018,27.17,33.2,23.2,83.97,4,5.37
8/1/2018,26.83,37,20.9,82.23,36,4.67
9/1/2018,27.03,37,19.3,83.05,14,5.7
10/1/2018,24.82,36.8,19,90.74,14,5.2
11/1/2018,23.85,35.2,19,90.1,8,8.16
12/1/2018,23,36.4,19,92.07,6,8.53
13/1/2018,22.97,35.8,19,92.55,12,7.28
14/1/2018,23.57,37,19,84.66,4,7.58
15/1/2018,24.91,36.8,19.1,85.02,0,6.74
16/1/2018,26.33,30.7,22.2,80.49,0,6.68
17/1/2018,27.31,32.8,23.8,78.6,0,7.09
18/1/2018,27.41,33.3,23.8,76.56,0,7.49
19/1/2018,26.86,34.1,23.3,81.65,14,5.81
20/1/2018,26.57,33.2,23.6,84.74,8,5.02
21/1/2018,27.62,34.3,23.5,77.96,0,6.38
22/1/2018,28.06,33.2,23.7,77.65,0,5.45
23/1/2018,26.98,32.7,24.1,84.5,6,
24/1/2018,26.64,32.3,22.9,82.41,24,
25/1/2018,26.58,31.9,23.4,84.61,4,
26/1/2018,26.36,32.1,23.2,86.8,12,
27/1/2018,27.66,33.2,24,81.02,0,
28/1/2018,26.96,34.4,21.8,81.84,8,
29/1/2018,27.9,33.6,23.2,74.5,0,
30/1/2018,27.47,34.9,21.2,81.38,6,5.33
31/1/2018,27.38,34.5,23.2,82.24,8,5.06
1/2/2018,28.34,33.6,25.2,76.79,2,6.37
2/2/2018,25.76,28.3,23.6,89.84,4,5.44
3/2/2018,27.31,32.1,23.7,79.09,0,6.83
4/2/2018,26.72,31.2,24.5,79.2,0,6.7
5/2/2018,26.93,31.6,23.8,74.91,0,7.12
6/2/2018,26.9,31.8,22.7,71.17,0,7.29
7/2/2018,,,,,4.38,
8/2/2018,26.56,30.3,23.6,70.74,4.38,6.92
9/2/2018,26.56,32.7,22.4,69.89,4.38,6.58
10/2/2018,26.57,32.9,22,70.5,4.38,6.01
11/2/2018,27.19,32.9,22.7,67.01,4.38,6.36
12/2/2018,27.46,33.1,23.8,67.08,4.38,7.4
13/2/2018,27.41,33.7,22.6,73.48,0,5.81
14/2/2018,26.9,32.7,23.2,77.41,0,5.77
15/2/2018,27.4,34.4,23.5,78.19,2,4.53
16/2/2018,27.57,33.7,23.3,78.46,0,4.39
17/2/2018,26.03,26.9,25,86.38,4.38,4.99
18/2/2018,,,,,4.38,
19/2/2018,27.69,34.4,23.7,72.93,0,6.84
20/2/2018,27.71,33.8,23.1,74.55,0,5.74
21/2/2018,27.97,33.5,23.8,75.37,0,6.6
22/2/2018,28.19,35.1,23.9,75.09,0,5.76
23/2/2018,26.89,33.5,22.6,83.92,14,4.65
24/2/2018,25.88,30.5,23.8,86.12,0,4.59
25/2/2018,27.2,31.9,23.7,80.24,0,5.09
26/2/2018,27.43,32.4,24.3,78.68,0,6.18
27/2/2018,27.57,32.9,23.7,78.68,0,5.55
28/2/2018,27.95,35.1,23.5,78.58,14,5.03
1/3/2018,27.83,34,24,80.15,2,4.41
2/3/2018,27.49,33.7,23.5,83.37,10,3.94
3/3/2018,27.81,35.7,23.4,81.81,6,4.53
4/3/2018,27.7,35,23.9,82.27,8,3.76
5/3/2018,28.73,34.4,24.7,76,0,5.39
6/3/2018,28.27,35.6,22.6,77.63,4,4.12
7/3/2018,26.49,29.8,24,86.44,4,4.14
8/3/2018,26.92,31,23.6,84.61,0,4.28
9/3/2018,28.54,34.3,24,73.86,0,6.14
10/3/2018,27.29,30.2,24,82.26,10,6.82
11/3/2018,27.67,33.4,23.8,77.98,0,
12/3/2018,27.47,32.2,24,80.68,4,5.25
13/3/2018,28.17,33.5,24.8,76.93,0,5.13
14/3/2018,28.49,34.3,24,74.12,0,4.86
15/3/2018,28.87,35.7,24,74.11,0,4.2
16/3/2018,28.33,34.2,24,78.53,2,4.94
17/3/2018,28.41,35.5,22.2,77.04,2,4.92
18/3/2018,28.49,34.1,23.5,75.08,0,5.43
19/3/2018,28.75,35.2,24.3,75.19,2,5.04
20/3/2018,28.55,35.1,22,75.54,10,4.98
21/3/2018,28.07,34.7,24.6,78.85,0,3.81
22/3/2018,28.86,34.4,24.7,73.3,0,6.25
23/3/2018,28.74,34,24.4,71.22,0,5.95
24/3/2018,28.02,33.3,22.7,75.5,8,5.13
25/3/2018,26.98,31.3,23.9,84.43,2,3.53
26/3/2018,27.5,33.7,24,83.24,10,4.17
27/3/2018,25.45,29.7,23.1,89.09,4,5.06
28/3/2018,26.9,34.4,23,81.97,4,3.48
29/3/2018,26.89,31.4,23.4,85.06,0,3.64
30/3/2018,26.78,34.1,21.7,81.21,6,3.46
31/3/2018,28.15,34.3,23.5,79.38,0,4.42
1/4/2018,28.15,34.1,22.5,78.79,16,4.4
2/4/2018,28.34,34.4,24.4,79.38,4,
3/4/2018,28.5,34.7,24.9,75.61,0,4.96
4/4/2018,28.62,34.1,24.1,73.09,0,5.35
5/4/2018,28.56,34.5,23.9,74.45,0,4.8
6/4/2018,28.54,35.1,23.6,76.51,2,4.56
7/4/2018,27.74,33.7,23.9,80.57,20,4.7
8/4/2018,28.38,33.4,25.5,76.99,0,
9/4/2018,28.83,33.7,25.4,75.53,0,
10/4/2018,28.73,34.7,24.9,76.69,0,4.25
11/4/2018,28.36,34.6,25.1,80.46,0,4.92
12/4/2018,,,,,4.38,4.56
13/4/2018,,,,,4.38,5.22
14/4/2018,,,,,4.38,3.34
15/4/2018,,,,,4.38,3.44
16/4/2018,26.1,29.5,23.9,88.03,4,3.49
17/4/2018,27.98,34.4,23.7,80.65,8,3.82
18/4/2018,28.68,34,24.5,78.09,0,4.78
19/4/2018,27.82,34.1,24.2,83.62,8,3.78
20/4/2018,27.58,34.3,22.6,84.89,24,4.24
21/4/2018,27.09,33.2,24.4,86,4,3.55
22/4/2018,27.88,34.5,24.6,84.87,4,3.62
23/4/2018,27.38,33.7,22.9,86.48,14,3.55
24/4/2018,28.27,33,24,78.67,2,4.11
25/4/2018,29.77,35,25.1,70.46,0,4.07
26/4/2018,28.81,34.4,24,81.2,4,3.75
27/4/2018,26.75,33.2,22.1,87.3,14,3.23
28/4/2018,27.75,34.8,22,82.23,2,3.6
29/4/2018,29.46,34.9,24.3,78.45,0,4.67
30/4/2018,29.2,34.3,24.5,79.72,2,4.51
1/5/2018,27.04,30.8,23.9,89.17,12,3
2/5/2018,27.86,34.8,22.4,82.93,4,3.24
3/5/2018,28.05,35.2,22.5,82.24,12,3.45
4/5/2018,28.86,35.1,24.4,78.64,6,3.71
5/5/2018,28.38,33.1,24.8,82.11,2,3.81
6/5/2018,29.25,34.8,25,78.72,0,4.2
7/5/2018,29.47,34.4,24.9,76.25,0,4.16
8/5/2018,29.96,35.1,25.7,72.11,0,4.94
9/5/2018,30.29,36.1,27,72.24,0,5.62
10/5/2018,29.41,35.2,25.8,75.44,0,
11/5/2018,29.39,34.6,24.6,76.35,4,
12/5/2018,29.48,35.2,25.3,74.74,2,4.71
13/5/2018,28.3,32.2,23,82.47,10,4.04
14/5/2018,28.84,34.4,24.8,78.79,2,3.94
15/5/2018,28.43,34.1,24.4,82.07,8,3.31
16/5/2018,27.3,34.7,22.7,85.43,10,3.58
17/5/2018,28.5,34,24.4,81.83,2,3.21
18/5/2018,27.91,34.7,22.7,83.75,14,3.68
19/5/2018,27.6,34.8,24.2,85.35,8,2.93
20/5/2018,26.97,31.6,23.2,89.62,6,2.5
21/5/2018,28.4,33.4,24.7,81.62,0,2.87
22/5/2018,28.64,34,25.2,81.1,0,3.48
23/5/2018,27.47,31.5,23.2,85.05,12,3.45
24/5/2018,28.61,35.4,23.2,75.76,0,4.56
25/5/2018,28.9,35.3,24.9,77.7,4,3.47
26/5/2018,27.59,34.2,23.6,87.06,24,3.44
27/5/2018,27.62,32.4,23.8,85.36,2,3.78
28/5/2018,27.61,31.6,24,86.81,8,3.8
29/5/2018,28.06,34,23.8,83.58,4,3.14
30/5/2018,27.8,32.6,24.2,83.98,4,3.25
31/5/2018,27.77,31.6,23.4,83.51,2,3.08
1/6/2018,27.87,32.2,22.9,81.1,20,3.23
2/6/2018,27.12,32.3,21.9,84.5,28,3.14
3/6/2018,28.89,33.9,24.9,79.19,0,2.99
4/6/2018,29.52,34.3,23,73.67,2,3.6
5/6/2018,29.74,34.7,25.1,77.21,0,
6/6/2018,30.11,35,25.7,77.64,0,4.43
7/6/2018,30.24,35,26.6,76.96,0,4.56
8/6/2018,29.02,33.5,22.4,76.43,8,4.19
9/6/2018,29.39,33.8,25,77.39,0,3.78
10/6/2018,29.69,32.8,26.4,77.62,0,5.01
11/6/2018,30.08,34.2,26.4,73.89,0,5.12
12/6/2018,29.7,33.3,26.6,76.1,0,4.29
13/6/2018,28.56,33.2,24.1,81.19,6,3.84
14/6/2018,28.7,33.6,24.1,81.24,2,3.38
15/6/2018,26.97,29.6,21.7,86.99,10,3.5
16/6/2018,29.14,34,25.1,80.11,0,4.22
17/6/2018,29.55,33.9,25.8,77.9,0,4.17
18/6/2018,28.33,31.8,22.8,83.27,8,3.62
19/6/2018,27.65,31,22.8,80.38,6,5.03
20/6/2018,26.78,31,22.2,87.04,14,3.32
21/6/2018,27.9,33.6,24.7,84.59,0,3.5
22/6/2018,29.15,32.9,25,82.24,2,4.23
23/6/2018,27.14,31.7,24.2,86.03,6,3.77
24/6/2018,26.74,31.3,23.3,84.83,2,4.68
25/6/2018,26.58,30.4,22,82.59,10,4.12
26/6/2018,26.69,29.1,21.9,83.64,16,2.74
27/6/2018,25.8,28.5,22.4,87.78,12,3.62
28/6/2018,27.71,32.6,23.9,79.69,2,3.72
29/6/2018,25.99,28.3,22,88.35,26,3.39
30/6/2018,27.91,31.7,23.9,79.21,0,4.35
1/7/2018,26.68,30.8,21.6,87.13,6,3.64
2/7/2018,27.3,32,24.3,85.12,0,3.25
3/7/2018,27.35,31.3,21.2,83.65,8,3.59
4/7/2018,28.4,33.3,23.7,76.76,0,3.63
5/7/2018,28.8,33.5,24.5,76.32,0,4.68
6/7/2018,28.79,33.1,25.3,73.27,0,5.04
7/7/2018,28.55,32.9,23.5,76.88,6,4.54
8/7/2018,28.58,32.1,24.6,78.65,0,4.73
9/7/2018,28.62,32.3,24.2,80.55,2,4.52
10/7/2018,26.88,29.5,22.6,84.66,6,4.73
11/7/2018,28.21,32.6,25.4,76.68,0,3.73
12/7/2018,29.15,34.4,25.2,76.72,0,4.4
13/7/2018,29.03,33.3,26.4,78.3,0,5.38
14/7/2018,28.39,31.8,21.9,78.41,2,4.86
15/7/2018,27.36,31.5,21.1,81.04,12,4.57
16/7/2018,28.85,33,24.7,76.52,0,4.8
17/7/2018,28.99,32.5,26.4,77.39,0,5.46
18/7/2018,29.08,32.8,26.7,78.8,0,5.45
19/7/2018,28.29,32.6,23.2,81.35,10,4.81
20/7/2018,28.95,33,24.8,79.03,4,4.21
21/7/2018,28.47,32.3,24.6,77.01,2,3.74
22/7/2018,28.72,33,25.1,80.19,2,4.12
23/7/2018,29.47,34.6,25.4,77.47,0,4.79
24/7/2018,29.52,34.8,26.3,76.82,0,5.39
25/7/2018,27.4,31,23.2,82.01,8,4.08
26/7/2018,28.49,34.4,23.5,76.06,0,4.32
27/7/2018,29.29,33.7,25.8,72.34,0,4.81
28/7/2018,29.58,34.1,26.7,72.74,0,4.78
29/7/2018,29.03,34,24.7,76.94,0,4.21
30/7/2018,26.89,30.3,23.1,85.87,8,4.26
31/7/2018,27.67,33.2,24.9,81.77,0,3.56
1/8/2018,26.47,29.2,24.2,86.34,0,3.8
2/8/2018,27.9,32.9,24.7,76.03,0,4.7
3/8/2018,28.68,33,24.8,76.83,0,
4/8/2018,28.25,33,24.2,80,4,4.83
5/8/2018,28.11,31.6,24.7,80.13,2,4.59
6/8/2018,28.5,32.7,25.1,79.13,0,4.75
7/8/2018,28.34,31.5,24.4,80.14,0,4.94
8/8/2018,27.02,30.9,21,81.69,2,4.24
9/8/2018,28.51,32.9,25,80.2,0,4.15
10/8/2018,29.16,33.3,25.1,76.29,0,4.52
11/8/2018,29.12,34.5,25.5,77.56,0,4.6
12/8/2018,29.33,33.8,25.3,74.94,0,4.59
13/8/2018,29.61,34.3,26.9,76.18,0,5.2
14/8/2018,29.61,35,26.8,75.34,0,5.72
15/8/2018,29.61,34.2,27.1,74.16,0,6.03
16/8/2018,29.4,34,25.9,74.61,0,5.21
17/8/2018,28.35,32.2,22.5,78.88,4,5.04
18/8/2018,29.02,33.9,25,74.93,0,5.66
19/8/2018,29.25,33.5,25.7,73.21,0,6.3
20/8/2018,29.38,34,26.5,71.63,2,5.36
21/8/2018,29.28,34.2,25.2,75.49,0,5.14
22/8/2018,27.34,30.3,23.8,86,20,3.43
23/8/2018,28.67,33.6,24,74.54,0,4.03
24/8/2018,27.05,31.8,21.9,85.09,10,3.59
25/8/2018,27.67,33,23.8,77.93,0,4.35
26/8/2018,29.1,34.6,24.4,71.1,0,4.53
27/8/2018,29.28,35,24.5,76.05,0,5.3
28/8/2018,28.29,32.8,24.1,79.33,2,4.04
29/8/2018,28.09,32.2,24.5,77.41,0,4.34
30/8/2018,28.48,33.6,24.3,75.44,0,4.5
31/8/2018,27.59,33.6,23,79.91,10,4.57
1/9/2018,27.48,33.4,23.2,79.14,2,3.59
2/9/2018,26.95,30.1,21.4,83.85,4,3.33
3/9/2018,27.68,31.7,23.5,78.66,0,4.67
4/9/2018,26.38,28.7,22,83.74,6,3.53
5/9/2018,27.21,31.5,23.2,80.02,0,3.66
6/9/2018,28.27,33,24.1,75.71,0,3.85
7/9/2018,26.74,30.5,23.3,88.19,18,3.22
8/9/2018,26.63,30.8,21.5,86.18,22,3.69
9/9/2018,27.38,31.6,23.3,82.05,6,3.97
10/9/2018,27.2,32.1,23.4,80.73,4,4.18
11/9/2018,26.56,30.6,24.1,84.86,2,3.6
12/9/2018,27.6,32,22.6,80.05,0,
13/9/2018,28.98,33.8,24.4,69.61,0,4.11
14/9/2018,29.01,33.5,24.6,72.64,0,
15/9/2018,28.68,32.3,25.9,72.69,0,4.39
16/9/2018,28.51,31.8,25.7,71.45,0,4.93
17/9/2018,28.9,33.6,25.1,69.49,0,5.23
18/9/2018,27.75,32.4,22.7,78.22,4,3.88
19/9/2018,26.75,33.3,22.4,82.4,22,3.69
20/9/2018,26.46,32.7,21.4,84.34,8,3.81
21/9/2018,26.04,32.1,22,,10,3.47
22/9/2018,27.25,33,23,82.32,4,3.4
23/9/2018,28.77,34.6,23.6,74.05,0,3.45
24/9/2018,29.16,34.5,24.3,74.31,0,3.75
25/9/2018,29.24,34.7,25,73.02,0,3.96
26/9/2018,28.62,34.3,23,77.71,2,3.99
27/9/2018,29.21,34.6,24.8,75.34,0,3.86
28/9/2018,29.5,34.8,25.5,72.71,0,4.34
29/9/2018,29.4,36,25.1,72.22,0,4.47
30/9/2018,29.36,34.3,25.6,73.6,0,4.78
1/10/2018,29.48,34.6,25.5,73.3,0,4.56
2/10/2018,29.57,35.2,25.1,72.01,0,3.83
3/10/2018,29.53,34.4,25.9,73.57,0,3.51
4/10/2018,29.81,35.7,26.8,73.01,0,4.97
5/10/2018,29.83,35.6,25.6,70.72,0,4.3
6/10/2018,28.1,34.3,23.3,81.76,6,3.74
7/10/2018,27.47,32.5,23.6,82.83,4,3.23
8/10/2018,26.92,33.2,23.3,85.78,12,
9/10/2018,26.4,31.7,23.3,87.36,18,2.71
10/10/2018,26.34,33.2,23.4,87.18,22,3.04
11/10/2018,26.65,34,22.9,86.01,18,3.24
12/10/2018,26.61,32.5,22.5,86.23,8,3.92
13/10/2018,26.67,29.8,22.7,86.75,6,2.86
14/10/2018,25.59,27.5,23.3,93.01,8,3.15
15/10/2018,28.12,34.4,24.3,77.94,0,3.25
16/10/2018,27.55,34.6,24.2,81.52,4,3.17
17/10/2018,27.49,32.4,23.6,82.1,2,3.15
18/10/2018,26.7,30.5,21.9,80.58,6,4.1
19/10/2018,28.05,33.5,23.1,77.05,6,3.79
20/10/2018,28.93,34,24.7,75.32,0,3.55
21/10/2018,28.83,35,24.5,77.49,0,3.39
22/10/2018,28.62,35.4,22.9,75.6,2,3.82
23/10/2018,27.46,34.8,21.9,81.62,14,3.15
24/10/2018,27.57,33.8,24.3,80.83,2,3.83
25/10/2018,27.37,32.1,23.3,83.21,6,2.73
26/10/2018,28.28,34.3,24,79.66,6,
27/10/2018,27.68,33.3,24.2,83.93,4,2.92
28/10/2018,27.23,33.2,23.9,85.03,8,2.62
29/10/2018,27.48,34.9,23.6,84.05,6,3.02
30/10/2018,27.46,35.4,23.8,85.46,10,3.14
31/10/2018,27.47,32.9,24.1,81.52,0,3.72
1/11/2018,26.49,30.7,24.2,86.91,2,3.47
2/11/2018,26.9,32.7,23.8,82.63,4,3.28
3/11/2018,27.14,31.9,23.7,85.14,8,2.89
4/11/2018,27.3,34.5,23.6,86.25,8,3.27
5/11/2018,27.45,34.1,24.6,85.53,2,3.05
6/11/2018,27.29,33.4,23.6,83.13,2,3.63
7/11/2018,28.12,34.1,23.5,78.1,10,3.35
8/11/2018,28.07,34.5,23.4,77.97,14,3.85
9/11/2018,27,29.7,23.7,87.3,8,
10/11/2018,27.52,34.1,23.5,84.39,12,2.95
11/11/2018,26.61,32.5,22.7,88.52,22,2.77
12/11/2018,27.59,33.5,24.1,82.09,8,3.02
13/11/2018,27.51,32.8,23.9,82.18,0,2.95
14/11/2018,27.58,31.6,23.7,79.71,18,
15/11/2018,26.31,31.9,22.9,89.56,10,3.26
16/11/2018,27.95,33.3,24.2,82.18,0,
17/11/2018,27.46,32.2,21.4,82.32,12,3.08
18/11/2018,26.74,32,23.2,85.9,4,2.91
19/11/2018,26.97,33.7,23,83.56,10,3.52
20/11/2018,27.84,33.7,23.3,78.92,2,3.36
21/11/2018,26.45,31,22.6,86.52,16,4.08
22/11/2018,26.84,31.8,21.9,84.08,12,2.92
23/11/2018,27.65,34.5,24.2,82.02,6,3.23
24/11/2018,28.35,34.5,23.4,77.2,0,3.39
25/11/2018,28.08,32.7,23,80.81,6,2.82
26/11/2018,28.12,33.8,22.2,79.74,8,3.38
27/11/2018,26.94,30.1,22.5,85.12,8,3.78
28/11/2018,27.92,34.8,24.3,81.1,4,3.47
29/11/2018,27.88,33.5,23.7,82.8,4,3.49
30/11/2018,27.57,32.5,23.9,84.07,4,4
1/12/2018,26.98,32.5,23.6,85.94,10,4.14
2/12/2018,26.82,35.2,23.8,85.84,6,4.38
3/12/2018,26.58,33,23.8,88.93,4,2.93
4/12/2018,27.74,33.9,24,82.97,2,3.28
5/12/2018,27.2,34.3,22.9,86.45,14,3.25
6/12/2018,26.92,33.9,23,86.73,6,3.06
7/12/2018,27.21,33,23.5,84.24,4,3.07
8/12/2018,27.3,34.3,23.2,84.3,10,3.3
9/12/2018,27.98,34.7,24.8,83.27,4,3.02
10/12/2018,27.46,34.9,22.8,85.35,6,3.27
11/12/2018,26.4,32.3,23.4,88.38,18,
12/12/2018,26.72,33.2,23.4,87.24,16,
13/12/2018,26.49,30.1,23.9,88.01,0,3.92
14/12/2018,26.91,31.3,23.6,82.95,0,4.25
15/12/2018,26.84,32.6,22.8,83.86,14,3.45
16/12/2018,26.71,34.2,23.4,84.24,8,3.34
17/12/2018,27.34,33.9,23.7,81.79,2,3.36
18/12/2018,28.22,33.5,24.8,79.08,0,3.56
19/12/2018,28.09,34.8,22.9,80.47,4,3.3
20/12/2018,27.92,34.9,23.6,,6,
21/12/2018,28.05,34.5,24.6,80.38,2,4.51
22/12/2018,28.2,34.7,24.6,78.99,2,4.38
23/12/2018,27.94,34.7,23.3,78.27,2,3.3
24/12/2018,28.53,34.5,23.8,76.35,0,3.64
25/12/2018,28.63,33.8,24.6,77.23,0,3.81
26/12/2018,28.32,33.6,22.6,75.46,2,5.3
27/12/2018,27.82,31.4,24.3,77.8,0,
28/12/2018,29.19,34.4,24.9,70.6,0,4.81
29/12/2018,28.13,31.4,23.7,79.16,0,3.88
30/12/2018,28.53,35.4,24.5,78.52,2,4.75
31/12/2018,27.21,33,22.4,84.37,16,4.95
1/1/2019,28.02,34.8,22.8,75.7,4,4.49
2/1/2019,28.79,33.2,24.7,72.24,0,5.53
3/1/2019,29.09,32.9,24.7,75.64,0,7.19
4/1/2019,29.26,33.6,25.4,69.74,0,5.52
5/1/2019,28.3,34,24,80.24,4,4.04
6/1/2019,28.62,33.5,25.2,78.25,0,5.8
7/1/2019,28.81,33.8,25.2,75.1,0,6.17
8/1/2019,27.88,32.5,24.7,82.04,6,5.11
9/1/2019,28.27,33.1,24.9,78.46,0,5.68
10/1/2019,28.71,33.8,24.7,72.35,0,5.96
11/1/2019,28.3,33.9,24.5,74.96,0,5.75
12/1/2019,28.31,34.4,23.6,73.57,8,5.19
13/1/2019,27.76,34.7,23.1,78.1,4,5.28
14/1/2019,27.98,33.3,24.2,77.7,0,5.27
15/1/2019,28.28,34.2,24.3,72.76,2,4.8
16/1/2019,28.28,32.9,24.6,74.71,0,5.33
17/1/2019,26.66,32.6,23.8,84,10,5.08
18/1/2019,25.87,29.3,22.5,85.94,24,5.39
19/1/2019,27.43,32.3,23.5,76.74,0,5.62
20/1/2019,28.03,33.4,24.3,75.49,0,5.79
21/1/2019,28.05,32.9,24.9,74.72,2,6.12
22/1/2019,27.68,31.7,24.6,74.29,0,6.05
23/1/2019,28,32.9,24.6,73.28,0,6.63
24/1/2019,27.65,32.4,24.7,73.56,0,6.33
25/1/2019,27.19,31.6,23.6,75.07,0,6.29
26/1/2019,27.24,32.1,23.8,74.46,0,6.73
27/1/2019,27.79,32.7,24.6,75.75,0,7.23
28/1/2019,26.82,29.9,24.6,83.33,0,6.96
29/1/2019,27.95,33.7,24.6,77.55,0,7.16
30/1/2019,28.05,33.2,24.8,73.11,0,6.39
31/1/2019,27.81,32.7,23.9,75.25,0,5.37
1/2/2019,28.27,34.3,24.7,74.31,0,6.49
2/2/2019,28.21,33.2,24.6,76.85,0,6.01
3/2/2019,28.25,33.4,24.7,77.79,0,6.03
4/2/2019,28.1,34.5,23.3,78.51,4,5.35
5/2/2019,28.06,33.6,24.3,75.6,0,5.47
6/2/2019,27.98,34.3,23,71.71,0,5.6
7/2/2019,27.88,34.4,23.2,75.43,4,5.41
8/2/2019,28.37,34.7,24,74.92,0,5.38
9/2/2019,28.68,35.8,24.5,75.81,0,5.18
10/2/2019,28.4,34.1,25.1,74.97,0,6.2
11/2/2019,27.95,33.6,23,66.86,0,6.65
12/2/2019,28.56,34.5,22.4,68.6,0,6.32
13/2/2019,28.6,33.5,25,75.45,0,7.13
14/2/2019,28.72,34.1,26.1,71.57,0,7.41
15/2/2019,27.99,33.3,24.1,72.15,0,6.59
16/2/2019,28.3,34.7,24.4,70.69,0,6.36
17/2/2019,27.48,34.4,22,78.47,10,4.9
18/2/2019,26.84,31.7,21.4,80.96,4,3.79
19/2/2019,27.72,33.7,23.8,80.23,6,4.77
20/2/2019,27.99,33.3,23.3,79.17,4,4.85
21/2/2019,28.5,34,24,72.59,0,6.31
22/2/2019,28.41,35.3,24.2,75.46,0,5.25
23/2/2019,28.25,34.4,23.9,72.7,0,5.89
24/2/2019,28.11,33.6,23.2,71.86,0,5.59
25/2/2019,28.62,34.3,23.9,73.61,0,6
26/2/2019,28.53,33.6,25.4,76.03,0,6.69
27/2/2019,28.28,34.2,25,71.58,0,6.89
28/2/2019,28.25,33.5,24.8,75.71,0,5.66
1/3/2019,28.44,33.9,24.2,71.59,0,6.31
2/3/2019,28.4,35.2,24.1,68.4,0,5.81
3/3/2019,28.13,36,22.6,69.19,0,5.29
4/3/2019,27.97,35,22.8,71.77,4,4.94
5/3/2019,28.6,34.4,23.4,70.28,0,4.6
6/3/2019,28.66,33.1,25.5,75.24,0,5.07
7/3/2019,29.01,35.2,23.4,74.57,0,4.18
8/3/2019,29.01,35.2,25.1,73.59,0,4.78
9/3/2019,29.08,36,24.9,71.69,0,4.76
10/3/2019,28.87,34.9,24.3,73.78,0,4.76
11/3/2019,27.2,34.1,21.5,81.58,22,4.24
12/3/2019,28.4,35.9,23.6,73.04,2,4.41
13/3/2019,29.12,35.3,23.7,74.19,0,4.91
14/3/2019,28.95,35,23.9,67.82,0,5.56
15/3/2019,28.68,34.9,23.7,65.78,0,5.36
16/3/2019,28.32,34.6,23,71.82,2,5.88
17/3/2019,28.71,34.8,24,67.39,0,5.94
18/3/2019,28.89,35.4,22.8,62.39,0,5.99
19/3/2019,28.88,34.6,23.2,66.9,0,5.87
20/3/2019,29.2,34.6,24.6,69.47,0,5.24
21/3/2019,27.95,35.7,22.1,75.23,28,5.23
22/3/2019,28.66,36,23.9,74.21,0,4.08
23/3/2019,29.21,36,25.1,76.59,2,3.98
24/3/2019,28.83,35.2,23.7,76.36,2,4.14
25/3/2019,28.55,35.1,22.7,77.54,6,4.72
26/3/2019,29.56,35.4,25.5,73.07,0,5.85
27/3/2019,29.85,35.6,25.8,67.28,0,5.82
28/3/2019,27.97,34.9,21.5,78.98,12,4.45
29/3/2019,29.02,34.7,23.8,74.23,0,3.9
30/3/2019,27.65,34.2,22.2,82.55,2,3.5
31/3/2019,28.71,33,25.3,79.8,0,3.59
1/4/2019,27.24,32.8,23.6,84.17,18,4.07
2/4/2019,28.19,33.5,24.5,77.85,0,3.82
3/4/2019,27.04,35.2,21,79.99,20,3.78
4/4/2019,28.65,36,23.5,73.52,8,4.49
5/4/2019,28.42,35.2,23.7,73.7,2,4.4
6/4/2019,28.66,35,23.9,69.68,0,4.85
7/4/2019,28.98,36,23.5,70.82,0,4.32
8/4/2019,29.17,35,24.7,72.77,0,4.85
9/4/2019,28.97,35,24.8,74.29,6,4.23
10/4/2019,28.4,34.2,23.8,77.94,4,3.64
11/4/2019,27.85,32.9,23.6,82.96,4,3.01
12/4/2019,28.77,34.3,24.8,74.63,0,3.89
13/4/2019,29.38,34.9,25.3,73.99,0,4.24
14/4/2019,28.58,33.9,23.5,80.9,6,4.23
15/4/2019,29.45,36,24.7,74.34,0,4.22
16/4/2019,29.98,35.8,25.9,72.47,2,4.84
17/4/2019,29.97,35.9,25.6,73.62,0,4.64
18/4/2019,29.88,36,25.5,72.49,0,4.36
19/4/2019,29.2,36,23.8,76.35,4,3.72
20/4/2019,28.19,32,23.4,83.88,8,3.24
21/4/2019,,,,,4.38,
22/4/2019,,,,,4.38,
23/4/2019,28.07,34.4,24.1,83.52,24,3.77
24/4/2019,28.34,32.7,21.5,83.86,2,2.81
25/4/2019,28.47,33.3,21.8,82.61,4,3.22
26/4/2019,26.09,35.4,21.4,89.35,32,3.75
27/4/2019,27.5,32,21.3,81.09,6,3.42
28/4/2019,29.08,35.6,21.7,75.82,2,3.83
29/4/2019,29.1,36,24,80.38,4,4.54
30/4/2019,28.45,33.3,24.6,79.38,2,3.46
1/5/2019,29.51,34.1,25.5,76.36,0,3.55
2/5/2019,29.49,34.5,25.6,79.51,2,3.32
3/5/2019,29.67,34.4,25.6,79.53,2,3.66
4/5/2019,28.87,33.6,23,80.8,8,3.18
5/5/2019,28.62,32.9,24.7,80.68,0,4.87
6/5/2019,30.08,34.6,26.1,71.04,0,5.62
7/5/2019,30.22,35,25.3,72.63,2,3.83
8/5/2019,26.98,31.3,21,85.53,38,3.8
9/5/2019,29.65,34.4,25,76.01,0,3.87
10/5/2019,29.4,35.3,22,76.23,12,4.03
11/5/2019,28.95,32.9,24,81.65,4,3.01
12/5/2019,29.6,34.7,25.7,79.34,0,3.01
13/5/2019,28.76,34.3,23.5,82.47,6,3.53
14/5/2019,28.94,35,24.9,81.08,4,3.82
15/5/2019,29.05,34.7,24.5,82.41,4,3.53
16/5/2019,28.6,32.9,23.6,81.18,6,3.38
17/5/2019,27.87,36,21.8,82.18,6,4.02
18/5/2019,29.02,33.4,25.3,79.8,0,4.08
19/5/2019,27.66,31.4,22.7,81.96,6,3.57
20/5/2019,28.65,33.4,25.1,79.67,0,3.76
21/5/2019,28.32,33.8,24.8,81.6,2,3.89
22/5/2019,27.93,33.3,23.7,84.11,4,3.28
23/5/2019,29.11,34.1,24.8,77.12,0,4.08
24/5/2019,30.07,35.3,25.7,71.83,0,3.94
25/5/2019,29.28,34.1,25.4,77.85,0,4.14
26/5/2019,29.73,34.9,25.3,76.54,0,4.07
27/5/2019,29.6,35,25.6,78.43,2,4.69
28/5/2019,29.93,35.5,26.3,75.87,0,4.97
29/5/2019,29.46,34.1,24.8,78.04,4,3.81
30/5/2019,27.87,33,23.4,84.27,12,3.41
31/5/2019,28.58,33.7,24.8,81.11,2,3.57
1/6/2019,28.07,32.5,25.3,83,0,3.86
2/6/2019,28.33,33.7,22.4,79,16,3.65
3/6/2019,26.8,32.1,23.5,88.76,24,3.75
4/6/2019,27.8,33,24.9,84.1,2,3.68
5/6/2019,28.86,33.5,25.3,80.98,0,3.87
6/6/2019,27.01,29.5,24.2,88.68,8,3.82
7/6/2019,26.13,28.2,23.6,88.72,12,3.7
8/6/2019,27.31,30.8,24.3,85.84,2,3.59
9/6/2019,28.34,32.5,24.2,82.16,2,3.58
10/6/2019,29.68,34.3,26,77.86,0,4.35
11/6/2019,29.4,34.3,24,78.63,14,4.66
12/6/2019,26.99,30.2,23.4,84.99,16,6.28
13/6/2019,28.44,31.6,25,83.7,4,6.09
14/6/2019,29.13,33.7,26.1,79.76,2,5.72
15/6/2019,28.41,33.2,24.7,81.38,4,6.33
16/6/2019,29.29,33.5,25.4,78.3,0,6.64
17/6/2019,28.83,33.1,23.8,81.49,4,6.11
18/6/2019,27.12,29.8,21.6,87.28,10,4.49
19/6/2019,27.72,30.5,23.8,85.45,4,5.66
20/6/2019,28.43,33.6,24.6,82.59,4,4.49
21/6/2019,28.09,33,24.7,82.35,2,4.99
22/6/2019,26.78,31.6,22.5,85,14,5.54
23/6/2019,28.46,33,24.4,79.47,0,4.72
24/6/2019,28.99,33.8,25.7,78.45,0,5.19
25/6/2019,29.56,34,25.7,75.05,0,5.66
26/6/2019,28.23,32.5,23.9,79.19,4,4.5
27/6/2019,29,33.8,24.9,78.16,0,4.89
28/6/2019,29.49,33.7,26.1,76.56,0,6.53
29/6/2019,28.88,33.6,23.9,80.91,2,6.33
30/6/2019,28.72,32.6,25,78.92,0,5.45
1/7/2019,29.34,33.7,26,73.24,0,
2/7/2019,29.6,34,25.9,74.72,0,5.97
3/7/2019,28.69,32.3,21.1,79.67,4,5.48
4/7/2019,29.11,34.2,24.2,78.66,2,4.94
5/7/2019,29.34,34.2,26.3,76.88,0,5.74
6/7/2019,29.18,34.5,24.7,77.3,2,4.7
7/7/2019,28.43,33.8,23.9,81.49,4,4.25
8/7/2019,27.71,36,22.6,83.48,10,4.1
9/7/2019,27.39,31.1,22.3,83.01,8,4.13
10/7/2019,29,33.6,21,73.48,0,6.78
11/7/2019,29.45,34.4,26.5,69.07,0,7.2
12/7/2019,29.2,33.9,25,73.94,0,
13/7/2019,29.37,34.2,25,74.82,0,5.94
14/7/2019,29.53,33.7,26.6,74.22,0,6.36
15/7/2019,27.12,29.2,22.5,82.56,6,5.79
16/7/2019,28.57,32.3,24.6,74.22,2,5.79
17/7/2019,28.88,33,24.6,70.5,0,5.69
18/7/2019,29.02,33.4,25.3,67.81,0,6.33
19/7/2019,29.12,33.6,25.6,69.56,0,5.54
20/7/2019,29.27,33.9,25.4,73.03,0,5.58
21/7/2019,,,,,4.38,
22/7/2019,,,,,4.38,
23/7/2019,,,,,4.38,
24/7/2019,,,,,4.38,
25/7/2019,29.02,32.7,26.4,70.07,0,5.78
26/7/2019,29,33.8,23.9,70.78,0,6.1
27/7/2019,29.02,33.8,25.1,74.09,0,6.65
28/7/2019,28.95,33.6,24.9,76.51,0,6.59
29/7/2019,29.59,34.3,25.7,72.92,0,6.62
30/7/2019,29.2,33.7,25.4,74.23,0,6.42
31/7/2019,29.18,33,25.8,68.29,0,7.21
1/8/2019,29.12,33.8,24.2,67.19,0,6.63
2/8/2019,29.19,34,25,68.79,0,6.36
3/8/2019,29.38,33.9,26.1,71.42,0,6.15
4/8/2019,28.97,33.2,26.1,74.41,0,6.13
5/8/2019,28.98,32.9,26.1,74.25,0,6.14
6/8/2019,28.84,33.2,25.3,76.32,0,5.81
7/8/2019,28.74,33.5,24.8,75.78,0,6.17
8/8/2019,28.82,32.8,25.4,73.08,0,6.29
9/8/2019,28.88,33.3,25.9,74.97,0,6.51
10/8/2019,29.01,33,26.8,75.89,0,7.09
11/8/2019,29.13,34.1,21,75.54,0,6.63
12/8/2019,29.46,34.1,22.3,73.44,0,7.21
13/8/2019,29.37,34.5,22.2,76.23,0,6.56
14/8/2019,29.17,34.2,21,76.65,0,6.17
15/8/2019,28.83,36,21,75.21,0,6.66
16/8/2019,29.57,34.2,21,69.4,0,7.39
17/8/2019,28.94,33.3,22.3,75.49,2,7.34
18/8/2019,29.36,34.9,23.2,69.72,0,7.61
19/8/2019,29.2,35,25,68.38,0,6.54
20/8/2019,29.4,34.4,26.9,72.23,0,8.19
21/8/2019,29.52,34.2,27,72.25,0,7.53
22/8/2019,29.42,34.5,25.7,74.26,0,7.09
23/8/2019,29.47,35,26.7,70.18,0,7.66
24/8/2019,29.3,34.3,26.2,70.04,0,7.12
25/8/2019,28.57,33.3,25.1,75.12,0,6.34
26/8/2019,28,34,23.1,78.58,8,6.04
27/8/2019,27.12,32.3,23.7,81.5,2,6.03
28/8/2019,26.93,29,23.7,81.75,0,6.17
29/8/2019,28.79,33.6,25,76.55,0,6.96
30/8/2019,28.31,32.2,21.7,74.82,8,
31/8/2019,28.84,33.6,25,67.71,0,7.84
1/9/2019,29.16,34,23.7,70.99,0,6.61
2/9/2019,29.45,34.4,25.4,74.47,0,7.54
3/9/2019,29.45,34,26.3,74.99,0,7.12
4/9/2019,28.63,33.7,22.3,74.69,10,6.18
5/9/2019,29.17,34.5,24,73.59,0,8.04
6/9/2019,29.26,34.7,25.5,72.86,0,7.05
7/9/2019,29.24,34.3,26.2,71.55,0,8.4
8/9/2019,29.18,34.2,24.8,70.78,0,7.19
9/9/2019,29.32,33.9,26.1,72.93,0,7.02
10/9/2019,29.18,34.3,26.7,74.61,0,7.88
11/9/2019,29.32,34.5,24.9,71.2,0,7.17
12/9/2019,29.08,34.8,24.5,73.65,0,6.99
13/9/2019,29.13,33.8,24.7,74.56,0,5.96
14/9/2019,28.26,30.8,24.9,78.74,0,6.05
15/9/2019,28.68,32.9,24.9,72.86,0,6.44
16/9/2019,28.83,33.3,24.1,69.54,0,6.05
17/9/2019,29.13,33.6,25.2,72.86,0,6.15
18/9/2019,29.17,33.8,26.8,74.4,0,7.54
19/9/2019,29.17,33.8,26.2,71.79,0,7.31
20/9/2019,28.88,34,26.1,73.84,0,6.71
21/9/2019,29.14,35.1,25.5,68.58,0,7.37
22/9/2019,29.18,35.5,25.5,70.31,0,7.39
23/9/2019,28.6,33.2,25.3,75.67,0,6.82
24/9/2019,29.03,34.9,24.7,74.01,0,6.13
25/9/2019,26.58,31.8,22.9,87.13,24,4.46
26/9/2019,28.13,34.3,24,76.05,0,5.22
27/9/2019,28.57,34.4,24.6,75.79,2,5.73
28/9/2019,28.45,34.9,23.4,76.52,0,3.91
29/9/2019,27.56,34,21.1,80.08,12,4.34
30/9/2019,26.68,32,21.1,83.79,14,4.33
1/10/2019,27.45,32.9,22.5,80.37,0,4.51
2/10/2019,26.67,33.5,21.4,81.3,2,4.45
3/10/2019,27.2,32.5,21.3,77.39,0,4.48
4/10/2019,27.78,32.9,22.2,77.56,6,5
5/10/2019,28.13,35.8,23.2,74.13,2,5.36
6/10/2019,28.08,34.5,22.5,71.69,0,5.05
7/10/2019,26.92,33.4,22.8,82.97,10,4.17
8/10/2019,27.45,33.2,22.5,81.42,2,5.12
9/10/2019,27.74,32.7,22.7,79.23,4,5.53
10/10/2019,27.92,34.1,23,77.93,2,5.73
11/10/2019,28.73,35.2,22.4,74.59,0,6.12
12/10/2019,28.32,34.2,21.5,78.08,2,5.87
13/10/2019,28.31,35.7,22.8,77.69,2,6.61
14/10/2019,28.89,36,23.2,73.25,0,5.78
15/10/2019,28.53,34.8,22.8,75.18,2,5.03
16/10/2019,28.78,34.4,24,77.41,4,5.84
17/10/2019,27.94,34.8,23.1,81.88,4,4.44
18/10/2019,27.78,32.6,23.8,80.24,2,4.06
19/10/2019,28.58,34.4,24.1,76.37,0,4.69
20/10/2019,28.53,34.9,23.8,78.61,0,4.76
21/10/2019,28.1,33.6,23.7,80.92,8,4.34
22/10/2019,26.08,30.4,22.7,89.42,18,4.18
23/10/2019,27.19,34.1,22.9,82.54,4,3.68
24/10/2019,28.13,34.5,23.5,78.59,0,3.81
25/10/2019,28.58,34.9,23.4,76.43,4,4.26
26/10/2019,26.99,33.5,23.1,83.79,8,3.31
27/10/2019,27.18,34.9,22.9,79.77,14,4.04
28/10/2019,26.83,32,23.1,83.96,2,3.92
29/10/2019,28.59,33.8,23.6,75.15,0,3.67
30/10/2019,28.14,33.6,23.7,76.97,2,3.91
31/10/2019,28.12,32.7,23.3,76.68,0,3.63
1/11/2019,28.05,33.5,22.9,74.06,4,4.81
2/11/2019,29.17,34.3,22.6,70.45,2,3.77
3/11/2019,27.72,33.2,22.9,76.56,4,4.15
4/11/2019,28.54,34.2,23.4,75.37,2,3.3
5/11/2019,28.1,32.5,23,80.59,6,3.46
6/11/2019,29.18,34.3,24.3,75.53,0,4.11
7/11/2019,27.67,31.5,25.2,86.32,0,4.03
8/11/2019,,,,,4.38,4.84
9/11/2019,,,,,4.38,3.94
10/11/2019,,,,,4.38,4.4
11/11/2019,,,,,4.38,4.11
12/11/2019,,,,,4.38,3.58
13/11/2019,29.85,34.2,24.3,71.29,4,3.81
14/11/2019,27.7,31.8,24.6,81.22,0,4.63
15/11/2019,27.31,31.9,24,81.29,2,4.05
16/11/2019,27.96,34.5,22.8,78.55,2,3.97
17/11/2019,29.02,36,22.8,71.2,0,4.23
18/11/2019,28.39,36,23.4,76.13,4,4.03
19/11/2019,27.74,34.2,24.3,80.88,2,4.17
20/11/2019,26.43,31.7,23.4,86.9,10,4.04
21/11/2019,26.59,31.3,24,85.06,0,4.48
22/11/2019,26.74,33.5,23.9,83.68,2,4.22
23/11/2019,26.6,32.5,23.5,86.01,8,4.61
24/11/2019,26.52,34.3,23.3,85.31,8,3.83
25/11/2019,27.56,35,22.9,80.83,6,3.84
26/11/2019,28.39,33.9,24.5,76.92,0,5.39
27/11/2019,27.76,33.8,23.4,82.47,2,4.25
28/11/2019,27.8,33.4,24,83.39,8,4.13
29/11/2019,26.63,33.5,23.2,89.25,34,3.85
30/11/2019,27.44,34.5,24,86.15,6,3.91
1/12/2019,28.06,34.9,24.2,82.63,6,3.98
2/12/2019,26.44,32.3,21.4,86.34,30,4.29
3/12/2019,27.51,31.3,24.7,77.93,0,6.22
4/12/2019,28.09,32.6,24.7,72.68,0,6.86
5/12/2019,27.61,31.7,24.2,75.41,0,5.79
6/12/2019,27.99,33.2,24.3,72.67,0,6.98
7/12/2019,27.73,31.1,25.3,73.84,0,7.04
8/12/2019,26.61,29.6,24.6,84.07,0,5.12
9/12/2019,24.9,28.4,23.1,91.21,22,5.84
10/12/2019,25.59,28.9,23,89.15,8,4.06
11/12/2019,24.21,26.6,22,94.07,24,5.03
12/12/2019,27.17,32.6,22.9,75.47,0,6.93
13/12/2019,25.26,29.9,22.7,86.79,26,4.75
14/12/2019,24.27,27.1,22.8,95.72,22,3.81
15/12/2019,24.21,26.5,22.6,96.04,24,3.88
16/12/2019,25.94,31.7,22.1,84.95,2,4.55
17/12/2019,25.42,29.7,23.5,92.85,8,3.33
18/12/2019,26.03,32.2,21,89.92,12,4.23
19/12/2019,26.73,32.2,21,84.73,0,4.69
20/12/2019,27.23,31.6,23.6,83.62,0,5.61
21/12/2019,26.72,31.2,24,87.06,8,5.49
22/12/2019,26.9,31.1,23.2,82.35,0,5.61
23/12/2019,27.24,33.3,23.1,82.18,8,5.05
24/12/2019,27.36,32.9,23.6,81.6,2,6.22
25/12/2019,27.38,33.3,23.4,79.85,2,5.35
26/12/2019,27.4,32.2,23.7,75.81,0,5.66
27/12/2019,27.81,33.7,24.2,73.8,0,6.27
28/12/2019,27.44,32.4,23.5,76.81,0,6.49
29/12/2019,27.78,33.1,24.1,77.63,0,6.47
30/12/2019,28.07,33.4,24.1,74.76,0,6.23
31/12/2019,28.02,33.5,24.3,75.05,0,6.44
1/1/2020,27.98,32.6,24.3,75.13,0,6.87
2/1/2020,27.66,31.5,24,79.92,0,6.41
3/1/2020,27.92,33,24.7,79.07,0,6.71
4/1/2020,27.39,32.1,24.3,80.05,2,6.55
5/1/2020,28.01,33.5,24.1,74.67,0,7.01
6/1/2020,26.67,32.8,23.1,80.19,6,6.32
7/1/2020,26.4,31.6,23,82.63,2,6.43
8/1/2020,27.7,32.4,24.6,78.6,0,6.65
9/1/2020,27.91,32.9,25.1,77.91,0,6.79
10/1/2020,27.09,31.7,23.5,81.75,2,5.34
11/1/2020,27.78,32,24.3,77.67,0,5
12/1/2020,27.59,34,22.8,77.91,6,5.02
13/1/2020,27.52,32.8,23.8,75.68,0,6.05
14/1/2020,27.69,33.2,23.9,75.05,0,6.46
15/1/2020,27.73,32.4,24.5,76.39,0,6.21
16/1/2020,27.69,32.6,25.1,78.66,4,5.73
17/1/2020,28.11,34,24.2,74.55,0,6.2
18/1/2020,27.78,34.7,24.7,80.26,4,5.85
19/1/2020,28.27,34,25,78.2,0,6.53
20/1/2020,28.01,33.3,24.5,79.78,2,6.66
21/1/2020,26.32,28.8,23.5,89.12,14,6.21
22/1/2020,28.13,33.1,24.8,77.37,0,7.16
23/1/2020,28.11,34.2,24.5,77.9,0,6.53
24/1/2020,28.03,33.2,24.4,72.96,0,6.98
25/1/2020,28.05,33.9,23.8,71.65,0,6.12
26/1/2020,28.32,35.4,24.2,74.78,0,5.61
27/1/2020,27.81,34,23.8,81.31,14,4.99
28/1/2020,28.32,34.1,24.5,79.71,4,5.32
29/1/2020,26.39,32,22.9,88.47,48,4.58
30/1/2020,27.24,33.8,23,77.67,0,5.4
31/1/2020,28.28,33.5,25.1,72.67,0,6.69
1/2/2020,28.23,32.7,25.2,76.19,0,7.11
2/2/2020,27.74,32.1,24.9,76.7,0,7.67
3/2/2020,27.97,33.4,24.1,71.49,0,6.87
4/2/2020,27.58,32.8,23.3,71.16,0,6.29
5/2/2020,27.84,34.2,22.9,72.43,0,6.36
6/2/2020,28.16,33.7,24.8,72.92,0,7.05
7/2/2020,28.02,33.1,25.1,71.35,0,7.34
8/2/2020,27.71,33,23.2,68.97,0,5.73
9/2/2020,26.36,31.3,22.9,84,8,5.09
10/2/2020,26.6,33.2,22.8,84.53,10,4.91
11/2/2020,26.73,31,23.2,88.62,28,4.66
12/2/2020,27.72,33.1,24.2,82.62,2,5.16
13/2/2020,28.26,33.8,25.4,79.43,2,6.35
14/2/2020,28.32,33.7,24.8,77.39,0,6.02
15/2/2020,28.38,36,23.8,76.16,0,4.79
16/2/2020,28.03,35.5,23.3,78.22,4,4.72
17/2/2020,28.62,35,24.3,71.9,0,6.16
18/2/2020,27.12,32,23.8,79.49,0,6.15
19/2/2020,28.15,33.4,24.9,74.64,0,7.47
20/2/2020,28.02,33.3,24.9,74.8,0,7.89
21/2/2020,27.03,31,23.6,83.53,8,7.11
22/2/2020,27.98,32.7,24.5,75.17,2,8.05
23/2/2020,28.04,32.8,24.9,74.29,0,8.37
24/2/2020,27.23,31.8,24.7,80.95,2,7.44
25/2/2020,28.21,33.2,24.5,73.33,0,7.14
26/2/2020,28.43,34.7,24.6,72.97,0,7.19
27/2/2020,28.51,34.4,24.5,73.28,0,6.99
28/2/2020,28.39,33.6,25.2,74.93,0,7.36
29/2/2020,28.33,34.6,23.9,71.55,0,7.38
1/3/2020,28.35,35.3,23.6,70.93,0,6.78
2/3/2020,28.46,33.9,23.6,71.48,0,6.44
3/3/2020,28.6,34.1,24.6,74.16,0,6.84
4/3/2020,28.56,34.5,23.5,76.35,4,6.07
5/3/2020,27.64,31.4,24.1,83.12,8,5.27
6/3/2020,28.03,32.6,24.4,80.2,0,4.74
7/3/2020,27.9,35,23.2,83,12,4.86
8/3/2020,28.05,34.3,24,82.04,4,4.36
9/3/2020,28.57,36,24.1,79.35,0,3.85
10/3/2020,29.13,36,24.8,76.92,0,4.5
11/3/2020,28.96,36,23.8,78.06,2,4.96
12/3/2020,28.92,34.5,24.6,74.56,0,5.97
13/3/2020,29.32,36,24.5,72.91,0,5.21
14/3/2020,29.22,35.6,25.8,75.47,0,5.39
15/3/2020,29.35,34.8,25.6,74.45,0,5.98
16/3/2020,28.99,33.8,25.8,75.05,0,6.43
17/3/2020,28.94,34.4,24.5,68.91,0,6.42
18/3/2020,28.36,34,24.3,75.25,4,6.14
19/3/2020,28.46,34,24,71.84,0,5.27
20/3/2020,28.29,34.1,24.2,74.07,0,5.26
21/3/2020,27.93,34.1,24.1,79.91,8,4.93
22/3/2020,27.6,34.7,22,84.3,14,4.4
23/3/2020,26.58,31.2,23.5,89.35,18,3.84
24/3/2020,28.23,34.6,23.7,78.27,0,5.3
25/3/2020,28.44,34.2,24.3,79.02,4,4.76
26/3/2020,29.08,34.2,24.8,76.18,0,5.51
27/3/2020,28.56,36,23.8,79.97,8,5.01
28/3/2020,28.97,35.3,24.3,77.03,2,4.86
29/3/2020,29.18,35.8,25.1,72.13,0,5.88
30/3/2020,29.11,35.8,24.2,71.77,0,5.08
31/3/2020,29.52,36,25.3,69.99,0,5.26
1/4/2020,29.29,36,24.6,75.18,2,4.81
2/4/2020,28.67,36,23.6,79.72,12,4.71
3/4/2020,28.2,33.6,23.7,80.94,18,4.63
4/4/2020,29.27,35,25,76.47,0,4.95
5/4/2020,28.53,35.8,23.3,80.86,4,4.51
6/4/2020,27.9,33.1,22.8,84.43,8,3.87
7/4/2020,27.32,34.5,21.6,82.12,26,4.11
8/4/2020,28.23,35.5,22.3,81.23,6,4.37
9/4/2020,28.84,35.9,23.3,75.56,0,5.02
10/4/2020,28.92,35.8,22.8,71.59,0,4.9
11/4/2020,28.8,34.6,25.1,77.08,0,5.11
12/4/2020,28.9,35,25.1,79.15,4,4.86
13/4/2020,28.44,35,22.4,83.48,14,4.64
14/4/2020,29.32,34.9,25.8,72.96,0,5.84
15/4/2020,29.52,34.5,24.9,71.78,0,5.32
16/4/2020,29.57,35.2,25.2,72.1,0,
17/4/2020,29.52,35.3,24.9,73.33,0,4.97
18/4/2020,29.39,35.5,24.7,73.23,0,5.28
19/4/2020,30.21,36,25,69.85,0,5.4
20/4/2020,30.2,36,25.6,72.43,0,5.75
21/4/2020,29.05,35,23.3,79.47,10,4.46
22/4/2020,29.71,36,25.8,76.15,0,5.14
23/4/2020,28.54,34.5,23.8,81.31,4,4.13
24/4/2020,27.5,35.2,23.3,83.52,16,3.95
25/4/2020,27.4,33,24.1,87.01,6,3.79
26/4/2020,27.49,33.7,24.6,86.39,2,3.99
27/4/2020,27.36,31,24.2,84.75,8,4.42
28/4/2020,28.52,33.3,24.5,77.96,2,4.29
29/4/2020,28.8,34.6,23,78.03,12,4.54
30/4/2020,27.62,34.1,24.3,88.12,30,4.36
1/5/2020,26.85,32,23.9,89.72,8,4.52
2/5/2020,28.47,33.1,24.9,81.97,0,4.28
3/5/2020,28.81,34.1,24.8,80.33,4,4.28
4/5/2020,27.88,31.8,24,87.31,6,4.19
5/5/2020,28.54,35.3,23.8,79.75,2,4.29
6/5/2020,28.41,32.5,23.6,84.34,6,4.45
7/5/2020,29.88,35.5,25.1,76.9,0,4.03
8/5/2020,29.09,33.9,23.7,77.43,20,5.05
9/5/2020,30.45,35.2,26.5,72.54,0,4.77
10/5/2020,29.5,33.8,24.6,82.1,6,5.54
11/5/2020,28.99,33.9,24.6,83.91,6,4.81
12/5/2020,29.95,35.1,25.9,79.03,0,5.13
13/5/2020,28.13,31.7,23.8,81.44,6,4.78
14/5/2020,29,35.3,24.5,78.84,2,4.37
15/5/2020,29.79,34.7,25.2,77.5,0,4.75
16/5/2020,29.96,35.2,26.5,78.07,2,4.65
17/5/2020,28.68,33.8,23.9,83.74,24,4.48
18/5/2020,29.12,34.6,25.1,79.13,0,4.29
19/5/2020,30.1,34.9,26.3,79.18,2,4.16
20/5/2020,28.52,33.4,23.2,81.54,8,4.4
21/5/2020,29.06,35.9,24,79.75,4,3.8
22/5/2020,27.93,34.8,22.8,84.91,26,3.63
23/5/2020,27.58,32,24.1,84.43,4,3.32
24/5/2020,29.13,34.2,25.3,78.6,0,4.11
25/5/2020,29.65,35,25.6,78.43,0,4.08
26/5/2020,29.41,35.2,24.8,78.95,6,3.65
27/5/2020,28.01,32.2,23.8,84.69,10,3.58
28/5/2020,29.21,34.7,23.4,81.14,8,4.52
29/5/2020,28.54,33.9,22.3,82.77,4,4.03
30/5/2020,28.21,34.7,23.8,83.98,2,3.96
31/5/2020,28.6,34,23,80.26,0,4.42
1/6/2020,26.75,30.8,22.1,86.94,10,4.36
2/6/2020,28.65,35.6,22.5,79.47,2,4.13
3/6/2020,28.89,33.7,23.5,80.18,2,4.4
4/6/2020,28.3,34.1,22.9,81.43,16,4.67
5/6/2020,27.84,32.1,22.4,82.45,8,5.5
6/6/2020,27.22,29.9,22.6,85.4,4,4
7/6/2020,29.38,34.3,24,76.98,0,4.24
8/6/2020,28.41,32.2,24.9,83.38,0,4.34
9/6/2020,,,,,4.38,5.17
10/6/2020,,,,,4.38,5.64
11/6/2020,29.51,32.8,26.7,77.85,2,4.32
12/6/2020,28.61,32.4,24.6,82.52,6,4.19
13/6/2020,25.96,29,22.6,88.79,18,4.24
14/6/2020,27.91,33.4,22.7,83.96,6,4.23
15/6/2020,29.4,33.6,23.9,78.68,2,4.77
16/6/2020,28.01,32,24.4,85.21,4,4.07
17/6/2020,26.79,30.6,23.8,88.79,18,3.62
18/6/2020,27.56,31.9,23.9,82.95,2,3.69
19/6/2020,27.91,32.7,23.8,83.52,2,4.32
20/6/2020,26.4,29.2,23.7,90.8,22,3.96
21/6/2020,26.43,28.7,23.2,90.02,12,3.87
22/6/2020,27.06,30.1,23.2,87.59,10,4.31
23/6/2020,26.37,29.3,22.5,89.95,44,4.79
24/6/2020,26.66,28.6,23.4,86.62,14,5.19
25/6/2020,28.18,32.6,23.2,78.18,0,4.83
26/6/2020,28.67,33,23.7,79,0,4.71
27/6/2020,28.95,32.7,24.9,80.69,2,5.57
28/6/2020,29.02,33.7,23.2,78.5,2,5.33
29/6/2020,29.2,33.7,25.6,77.4,2,5.34
30/6/2020,29.24,34.4,24.3,76.2,0,5.58
1/7/2020,28.15,32.2,22,82.38,0,4.36
2/7/2020,29.33,32.1,26.9,75.76,0,
3/7/2020,29.44,33.6,25.7,75.7,0,4.95
4/7/2020,28.52,33.6,21.4,79.15,8,4.91
5/7/2020,27.62,33.9,22.4,82.47,6,4.3
6/7/2020,28.47,33.5,23.2,79.32,4,5.04
7/7/2020,27.44,32.3,23.4,83.67,4,
8/7/2020,27.15,31.5,23.3,84.25,4,
9/7/2020,25.77,28.4,22.7,88.87,16,5.05
10/7/2020,27.42,32.2,22.3,78.69,0,4.17
11/7/2020,27.55,31.6,23.4,82.84,2,4.14
12/7/2020,28.19,32.6,23.6,80.89,4,4.47
13/7/2020,25.88,30.5,22.9,88.99,22,4.67
14/7/2020,26.84,30.5,22.7,83.37,0,4.41
15/7/2020,27.49,32.2,23.4,84.21,2,4.31
16/7/2020,28.17,34.7,22.6,81.23,4,4.3
17/7/2020,28.85,34,23.3,77.49,0,4.28
18/7/2020,28.02,33.4,24.1,81.12,0,4.15
19/7/2020,28.49,33.5,23.5,77.62,0,4.38
20/7/2020,29.15,35.1,24.2,76.53,0,5.09
21/7/2020,29.05,34.6,24.1,76.69,0,4.69
22/7/2020,27.76,32,22.2,82.84,14,3.7
23/7/2020,27.62,31.5,22.7,81.36,4,4.02
24/7/2020,27.47,32.4,23,83.88,8,4.26
25/7/2020,26.99,32.1,23.2,85.92,6,4.23
26/7/2020,27.49,32.7,23.1,83.71,4,4.75
27/7/2020,26.64,31.1,22.4,87.71,20,4.38
28/7/2020,27.94,33,23.3,80.99,0,4.38
29/7/2020,26.15,29.6,23.3,89.4,6,3.87
30/7/2020,28.2,33.4,23.8,81.59,0,4.43
31/7/2020,28.11,31.7,23,79.93,0,4.77
1/8/2020,28.24,32.3,23.1,78.91,0,4.68
2/8/2020,28.83,33.3,24,75.95,0,4.82
3/8/2020,29.29,33.8,24.8,73.62,0,
4/8/2020,27.68,30.6,23,79.53,0,4.68
5/8/2020,28.77,33.4,24.2,78.75,0,4.59
6/8/2020,29.23,34,25.2,79.14,0,4.12
7/8/2020,29.52,34.9,24.7,78.21,0,4.69
8/8/2020,29.8,34.8,26.2,76.07,0,4.66
9/8/2020,29.85,35.4,25.6,78.57,0,4.49
10/8/2020,29.91,35,26.8,77.11,0,5.08
11/8/2020,29.82,34.6,27.1,78.12,0,4.66
12/8/2020,27.72,32.5,21.6,81.24,4,4.28
13/8/2020,28.38,33.4,22.5,74.25,26,4.1
14/8/2020,25.96,29.3,22.1,87.84,26,3.85
15/8/2020,27.59,33.2,23.4,83.46,4,3.59
16/8/2020,27.84,32.3,22.7,80.69,0,4.08
17/8/2020,27.19,32.7,22.7,84.32,18,3.7
18/8/2020,27.13,30.7,23.6,83.85,2,4.04
19/8/2020,27.94,33.2,23,80.99,2,3.82
20/8/2020,28.08,33.2,23.8,82.59,2,4.63
21/8/2020,29.44,34.3,25.9,74.11,0,5.4
22/8/2020,27.74,33.4,22,81.38,8,4.44
23/8/2020,25.55,29.3,22.4,91.22,10,3.7
24/8/2020,28.11,34.4,22.7,80.32,0,4.73
25/8/2020,27.8,32.2,24.2,80.75,0,4.43
26/8/2020,27.15,32.5,23.6,79.89,4,4.93
27/8/2020,27.85,31.9,22.9,78.13,0,4.46
28/8/2020,28.77,33.2,23.2,71.74,2,4.72
29/8/2020,27.24,32.4,24.3,84.65,6,4.05
30/8/2020,28.62,34,23.9,77.79,2,4.58
31/8/2020,29.06,33.7,24.6,76.04,0,4.86
1/9/2020,28.57,33.5,24.2,79.82,4,4.5
2/9/2020,28.52,33.3,24.5,79.74,2,4.36
3/9/2020,26.94,31.4,23.3,87.31,10,3.58
4/9/2020,27.39,32.3,23.8,84.92,4,4.25
5/9/2020,25.48,28.3,23,89.19,22,4.21
6/9/2020,26.55,32.3,22.8,86.17,10,4.05
7/9/2020,28.15,33.6,23.2,79.17,0,4.83
8/9/2020,28.19,33.2,23.8,80.4,2,4.73
9/9/2020,28.24,33.5,24.4,80.33,2,3.9
10/9/2020,27.18,32,22.9,83.62,12,4.32
11/9/2020,27.57,32.7,22.8,79.02,12,4.53
12/9/2020,26.05,31.6,22.4,87.2,12,3.85
13/9/2020,24.81,28.3,22,90.43,20,3.89
14/9/2020,25.57,29.8,22.1,89.68,8,3.8
15/9/2020,27.61,32.3,22.9,82.67,0,3.97
16/9/2020,26.63,31.3,21,80.22,12,4.75
17/9/2020,28.07,34.1,23,78.69,0,4.54
18/9/2020,28.82,35,23.7,75.68,0,4.96
19/9/2020,28.33,35,22.5,75.24,8,4.78
20/9/2020,28.77,33,24.9,78.98,0,4.37
21/9/2020,26.3,30.8,23.3,88.67,4,4.29
22/9/2020,27.61,33.3,23.6,81.98,0,4.43
23/9/2020,28.77,34.6,23.8,77.6,0,3.93
24/9/2020,28.34,33.3,23.9,78.56,4,4.74
25/9/2020,28.8,34.6,22.5,75.43,16,4.12
26/9/2020,25.93,29.3,22.3,86.55,28,4.87
27/9/2020,26.48,30,22.3,83.96,4,4.74
28/9/2020,28.46,33.5,24.9,78.59,0,4.4
29/9/2020,27.42,31.1,22.9,84.77,4,4.17
30/9/2020,27.95,34.5,24.5,84.23,6,4.18
1/10/2020,26.69,31.1,23.6,89,8,3.44
2/10/2020,27.79,33,22.7,82.17,8,4.22
3/10/2020,27.56,33.2,22.6,77.03,4,5.66
4/10/2020,28.62,31.7,25,73.95,0,3.88
5/10/2020,29.03,34.8,25.6,75.32,0,3.55
6/10/2020,28.66,33.8,25.6,78.62,0,4.29
7/10/2020,28.16,33.3,23.8,78.56,4,4.99
8/10/2020,27.08,33.2,23.4,84.75,12,5.33
9/10/2020,27.97,31,25.6,78.82,0,4.42
10/10/2020,27.59,30.2,23.1,82.3,8,4.23
11/10/2020,27.6,31.9,22.9,79.4,4,5.29
12/10/2020,28.38,31.5,25.7,76.84,0,6.19
13/10/2020,29.08,32.7,25,71.02,0,4.27
14/10/2020,28.83,32.8,23.2,77.57,4,4.38
15/10/2020,28.49,33.2,23.8,76.11,4,4.92
16/10/2020,29.1,34.2,23.8,72.32,0,4.62
17/10/2020,29.74,34.8,25.8,75.79,0,4.21
18/10/2020,28.29,33.6,22.5,81.98,2,4.18
19/10/2020,28.79,34.3,24.4,74.74,0,4.26
20/10/2020,27.9,31.2,23.5,83.81,2,3.5
21/10/2020,28.83,34.6,24.1,76.72,2,
22/10/2020,27.11,31.6,22.9,81.98,8,5.48
23/10/2020,28.76,33.1,25.9,78.18,0,4.08
24/10/2020,27.92,31.7,24.2,83.35,2,3.36
25/10/2020,28.25,33.7,22.2,75.58,4,4.67
26/10/2020,27.4,30,23.2,83.09,6,3.69
27/10/2020,29.45,34.4,25,74.26,0,4.47
28/10/2020,27.89,29.8,23.1,85.48,8,3.31
29/10/2020,28.44,33.3,25.5,81.77,0,4.4
30/10/2020,28.68,34.1,24.8,78.78,0,3.95
31/10/2020,27.45,34.8,22.6,84.75,22,3.92
1/11/2020,27.86,33.4,24.1,80.37,0,4.85
2/11/2020,27.22,33.9,22.5,82.79,18,4.13
3/11/2020,27.57,31.7,24.4,86.62,2,3.37
4/11/2020,25.55,28.5,22.9,90.72,24,3.42
5/11/2020,28.06,34.9,23.9,76.87,0,3.67
6/11/2020,28.98,34.1,25.2,76.31,0,3.59
7/11/2020,25.97,29.5,23,92,22,3.63
8/11/2020,26.4,30.2,23.4,89.12,6,3.68
9/11/2020,26.91,31.3,24,87.17,2,3.79
10/11/2020,27.15,31.3,23.5,85.56,6,3.27
11/11/2020,28.66,33.2,24,78.22,0,3.96
12/11/2020,29.59,35.6,25.7,74.45,2,5.29
13/11/2020,29.13,34.5,25.1,77.77,2,4.81
14/11/2020,28.07,33.3,23.5,82.99,4,4.15
15/11/2020,27.22,33.1,22.8,87.2,24,4.71
16/11/2020,27.82,33.3,24.3,79.92,4,5.36
17/11/2020,27.19,33.7,23.5,84.78,8,3.95
18/11/2020,28.34,33.9,24.3,78.22,0,3.71
19/11/2020,27.52,32.3,24.1,84.7,6,3.42
20/11/2020,27.45,34.6,23.6,85.14,4,3.53
21/11/2020,26.6,33.6,23.4,87.99,18,3.91
22/11/2020,26.19,33.8,22.8,88.24,30,3.82
23/11/2020,25.84,30.7,23,90.74,16,3.66
24/11/2020,25.95,29.9,23.8,89.35,0,3.57
25/11/2020,26.55,31.5,23.5,86.95,2,4.05
26/11/2020,26.22,28.3,24.2,90.36,2,3.57
27/11/2020,27.44,32.6,24.6,86.17,0,4.01
28/11/2020,26.54,30.1,22.3,87.07,,3.69
29/11/2020,27.78,32.3,24.2,79.19,,4.39
30/11/2020,27.66,34.2,24.4,83.16,,4.09
1/12/2020,28.91,36,24.8,75.62,,4.19
2/12/2020,28.08,36,23.4,81.86,,3.79
3/12/2020,27.19,36,23,86.71,,4.28
4/12/2020,26.62,32.6,23.6,86.19,,5.4
5/12/2020,26.9,32.8,24.3,83.68,,6.19
6/12/2020,28.08,33.8,23,77.21,,6.45
7/12/2020,28,33.9,23.8,78.39,,5.68
8/12/2020,28.21,34.2,25,76.01,,5.83
9/12/2020,27.64,33.8,23.8,81.66,,4.45
10/12/2020,27.14,33.4,23.5,83.19,,4.23
11/12/2020,27.9,32.7,22.8,75.22,,4.32
12/12/2020,26.66,33.5,22.6,83.64,,4.39
13/12/2020,27.07,32.1,22.8,80.4,,3.91
14/12/2020,26.5,33.7,22.8,86.49,,3.99
15/12/2020,26.34,32.7,23,87.04,,4.04
16/12/2020,25.91,30.6,23.1,90.67,,3.61
17/12/2020,26.35,32.4,22.7,86.93,,4.11
18/12/2020,25.38,27.6,22.5,90.38,,4.31
19/12/2020,26.37,30.6,23,82.08,,4.72
20/12/2020,26.79,32.3,23.7,81.18,,5.27
21/12/2020,27.2,31.8,23.8,80.76,,4.55
22/12/2020,27.58,33.6,23.4,78.76,,5.17
23/12/2020,27.82,33.5,24.4,80.87,,4.84
24/12/2020,26.93,30.3,23.1,86.15,,3.64
25/12/2020,28.21,35.1,24.2,81.56,,4.33
26/12/2020,27.31,33.1,22.5,84.84,,5.28
27/12/2020,26.72,33.4,22.9,84.5,,4.86
28/12/2020,27.66,32.7,24.2,81.46,,6.21
29/12/2020,26.63,31.6,23.3,85.32,,4.14
30/12/2020,27.49,32.9,24,79.79,,5.08
31/12/2020,26.89,32.4,22,81.94,,5.11
1/1/2021,24.93,26.9,23.4,90.57,,5.96
2/1/2021,,,,,,
3/1/2021,,,,,,
4/1/2021,,,,,,
5/1/2021,26.52,27.8,25.1,89.23,,4.96
6/1/2021,26.83,30.5,24.2,82.03,,5.6
7/1/2021,24.65,26.6,23.2,91.04,,4.9
8/1/2021,25.59,28.8,23.4,92.11,,5.37
9/1/2021,25.38,28.9,23,92.45,,5.44
10/1/2021,23.84,24.9,23,97.75,,5.27
11/1/2021,25.46,29.5,23.3,90.68,,7.32
12/1/2021,25.15,28.9,22.9,90.48,,7.48
13/1/2021,25.09,28,22.9,87.63,,6.34
14/1/2021,25.84,29.6,22.8,80.98,,6.18
15/1/2021,26.84,31.8,23.7,77.38,,
16/1/2021,26.97,31.6,23.8,81.74,,6.33
17/1/2021,27.09,32.3,24.2,77.53,,8.41
18/1/2021,26.34,29.3,24,71,,9.01
19/1/2021,26.3,30.3,23.2,73.98,,7.04
20/1/2021,26.43,30.7,23.3,77.44,,6.37
21/1/2021,26.23,32.1,23.3,82.17,,5.83
22/1/2021,26.13,32.6,22.7,84.76,,5.08
23/1/2021,25.99,31.7,22.6,84.92,,5.54
24/1/2021,26.42,32.6,22.5,81.55,,5.99
25/1/2021,27.05,32.6,24.1,81.58,,5.76
26/1/2021,27.15,32.8,23.6,77.29,,
27/1/2021,26.79,32,23.5,81.29,,5.53
28/1/2021,26.12,31.4,23.1,85.57,,6.05
29/1/2021,26.86,32,23.3,77.27,,7.1
30/1/2021,26.88,31.9,23.6,75.96,,7.37
31/1/2021,26.6,31.3,23.4,80.44,,6.44
1/2/2021,26.9,31.6,23.8,81.57,,6.95
2/2/2021,27.08,31.6,24.3,79.22,,7.17
3/2/2021,27.06,32.3,24,76.35,,7.04
4/2/2021,26.87,32.4,23.6,72.24,,
5/2/2021,27.04,33,22.9,77.07,,6.89
6/2/2021,27.69,33.2,24.7,75.56,,7.7
7/2/2021,27.78,34,23.8,73.96,,7.18
8/2/2021,27.49,33.4,24.3,77.3,,7.31
9/2/2021,27.55,33.9,24.1,77.9,,6.03
10/2/2021,27.22,32.1,24,80.54,,5.84
11/2/2021,27.29,33.3,23.9,79.81,,6.28
12/2/2021,27.17,32.4,23.8,80.13,,6.88
13/2/2021,27.15,32.4,24.1,78.88,,6.71
14/2/2021,26.95,31.7,24.5,79.08,,7.11
15/2/2021,26.9,32,24,72.99,,7.35
16/2/2021,26.81,32,23.6,71.95,,7.04
17/2/2021,26.93,32.7,23.4,69.15,,7.42
18/2/2021,26.8,33.1,22.6,67.04,,8.52
19/2/2021,26.89,32.1,24,70.88,,8.65
20/2/2021,26.91,32,23.8,74.63,,8.44
21/2/2021,26.94,32.5,24,76.08,,7.66
22/2/2021,27.17,33,23.8,69.86,,7.35
23/2/2021,27.1,34,23,71.11,,6.64
24/2/2021,26.64,31.3,23.6,76.6,,5.75
25/2/2021,27.54,34.8,23.5,74.81,,5.73
26/2/2021,28.05,35.9,24,74.18,,5.37
27/2/2021,28.56,35.4,25.1,73.89,,4.79
28/2/2021,28.28,35.6,24.6,73.72,,5.24
1/3/2021,28.24,35.1,25,75.82,,5.47
2/3/2021,28.19,34.7,24.5,73.23,,6.62
3/3/2021,28.49,34.6,25,70.79,,6.04
4/3/2021,28.59,35.2,24.8,74.41,,6.6
5/3/2021,28.83,34.5,25.9,75.14,,6.36
6/3/2021,28.28,34.2,23.1,78.31,,6.81
7/3/2021,26.12,33.6,22.8,87.12,,5.01
8/3/2021,27.4,35.6,22.3,76.64,,5.07
9/3/2021,27.83,33.7,23.6,72.6,,6.82
10/3/2021,28.06,34.6,23.3,71.19,,6.67
11/3/2021,28.04,33.1,23.7,75.18,,6.8
12/3/2021,26.64,32.2,21.9,84.38,,4.36
13/3/2021,26.86,34.1,23.1,83.44,,4.42
14/3/2021,27.48,33.2,24.4,82.56,,4.37
15/3/2021,27.59,33.3,22.8,81.66,,4.71
16/3/2021,27.82,33.4,24,81.18,,4.26
17/3/2021,27.16,34.4,22.8,84.38,,3.63
18/3/2021,27.2,34.3,22.7,84.92,,3.76
19/3/2021,28.35,35.5,24.4,78.25,,3.97
20/3/2021,27.83,33.6,23.1,81.48,,4.14
21/3/2021,28.05,35.5,23.4,80.51,,4.2
22/3/2021,28.35,34.6,24.3,77.53,,5.71
23/3/2021,27.23,33.4,23.2,84.38,,4.83
24/3/2021,25.9,32.4,23.6,91.49,,3.8
25/3/2021,26.27,30,23.6,88.75,,4.28
26/3/2021,28.36,34.7,24.5,77.43,,4.69
27/3/2021,26.87,32.3,22.9,83.49,,4.04
28/3/2021,28.13,34.4,23.7,79.48,,3.4
29/3/2021,26.8,32.6,22.2,88.63,,3.83
30/3/2021,28.06,34.9,24.3,81.79,,3.7
31/3/2021,28.52,34.3,22.6,72.21,,
1/4/2021,30.05,34.4,25.5,63.67,,5.39
2/4/2021,29,36,23.2,78.12,,4.01
3/4/2021,27.83,35,23.3,84.15,,3.72
4/4/2021,27.45,32.8,22.5,86.33,,3.92
5/4/2021,27,34,22.1,86.71,,3.68
6/4/2021,27.67,33.7,23.9,83.59,,4.03
7/4/2021,28.55,35.1,23.6,75.96,,5.07
8/4/2021,28.05,35.3,24.2,77.57,,4.1
9/4/2021,27.96,34.3,23.7,81.48,,4.03
10/4/2021,28.94,34.7,24.7,76.47,,4.28
